Barangay Name,Latitude,Longitude,HubName,HubDist
CBarangay 1,14.6589,120.9732,Lapu-lapu,1.124482053
CBarangay 10,14.6544,120.9714,Lapu-lapu,0.817850504
CBarangay 100,14.6538,120.9958,Bagong Barrio,0.405236862
CBarangay 101,14.6505,120.9931,Bagong Barrio,0.861712313
CBarangay 102,14.6497,120.9943,Bagong Barrio,0.886750369
CBarangay 103,14.6492,120.9903,5th Ave 1,0.897967821
CBarangay 104,14.6492,120.9888,5th Ave 1,0.772258321
CBarangay 105,14.648,120.9927,5th Ave 1,1.062948635
CBarangay 106,14.6501,120.9845,Monumento,0.487808471
CBarangay 107,14.6507,120.986,Monumento,0.478578468
CBarangay 108,14.65,120.9874,Monumento,0.627520788
CBarangay 109,14.6479,120.9859,5th Ave 1,0.457144325
CBarangay 11,14.6537,120.9707,Lapu-lapu,0.747213199
CBarangay 110,14.6468,120.9844,5th Ave 1,0.273679711
CBarangay 111,14.6468,120.9859,5th Ave 1,0.362881319
CBarangay 112,14.6467,120.9873,5th Ave 1,0.475643923
CBarangay 113,14.645,120.9843,5th Ave 1,0.101925808
CBarangay 114,14.6448,120.9854,5th Ave 1,0.205702769
CBarangay 115,14.6448,120.9862,5th Ave 1,0.290975733
CBarangay 116,14.645,120.9872,5th Ave 1,0.400691698
CBarangay 117,14.6438,120.9847,5th Ave 1,0.147807351
CBarangay 118,14.642,120.9877,5th Ave 1,0.527409323
CBarangay 119,14.6424,120.9845,5th Ave 1,0.253246214
CBarangay 12,14.6533,120.9663,Lapu-lapu,0.297738675
CBarangay 120,14.6398,120.9842,R. Papa,0.450641928
CBarangay 121,14.6464,120.9894,5th Ave 1,0.668203854
CBarangay 122,14.6459,120.9921,5th Ave 1,0.937652115
CBarangay 123,14.645,120.9887,5th Ave 1,0.561086135
CBarangay 124,14.645,120.9901,5th Ave 1,0.711275662
CBarangay 125,14.6446,120.9919,5th Ave 1,0.90295004
CBarangay 126,14.6431,120.9914,5th Ave 1,0.862613604
CBarangay 127,14.6413,120.9906,5th Ave 1,0.840050769
CBarangay 128,14.6397,120.9901,5th Ave 1,0.884496161
CBarangay 129,14.6387,120.9897,R. Papa,0.846281934
CBarangay 13,14.652,120.9723,A Mabini,0.822208626
CBarangay 130,14.6378,120.9894,R. Papa,0.787386477
CBarangay 131,14.6375,120.9919,R. Papa,1.046281924
CBarangay 132,14.6633,120.9909,Victoneta Ave,0.773154895
CBarangay 133,14.663,120.9924,Bagong Barrio,0.817956407
CBarangay 134,14.6586,120.9909,Bagong Barrio,0.689011055
CBarangay 135,14.6584,120.9925,Bagong Barrio,0.516297869
CBarangay 136,14.6584,120.9948,Bagong Barrio,0.283526731
CBarangay 137,14.6608,120.9947,Bagong Barrio,0.474983679
CBarangay 138,14.6594,120.9971,Bagong Barrio,0.240909848
CBarangay 139,14.6596,120.9989,Bagong Barrio,0.32433898
CBarangay 14,14.6486,120.9644,Lapu-lapu,0.651950821
CBarangay 140,14.6631,120.9959,Bagong Barrio,0.6637966
CBarangay 141,14.6631,120.9986,Bagong Barrio,0.669061718
CBarangay 142,14.6647,120.9927,Victoneta Ave,0.928299915
CBarangay 143,14.6634,120.9934,Bagong Barrio,0.793247363
CBarangay 144,14.664,120.9945,Bagong Barrio,0.801881254
CBarangay 145,14.6658,120.9939,Bagong Barrio,1.011072213
CBarangay 146,14.6647,120.9958,Bagong Barrio,0.839756597
CBarangay 147,14.6643,120.9975,Bagong Barrio,0.784008091
CBarangay 148,14.666,120.9956,Bagong Barrio,0.985164903
CBarangay 149,14.6675,120.9959,Bagong Barrio,1.144896205
CBarangay 15,14.6494,120.9733,A Mabini,0.516047474
CBarangay 150,14.6664,120.9973,Bagong Barrio,1.015543225
CBarangay 151,14.6645,120.9995,Bagong Barrio,0.8444101
CBarangay 152,14.6683,120.9978,Bagong Barrio,1.227692427
CBarangay 153,14.6672,120.9987,Bagong Barrio,1.116658511
CBarangay 154,14.666,120.9995,Bagong Barrio,1.00391118
CBarangay 155,14.6683,120.9997,Bagong Barrio,1.256305693
CBarangay 156,14.6663,121.0012,Bagong Barrio,1.095502417
CBarangay 157,14.6684,121.0012,Bagong Barrio,1.311806215
CBarangay 158,14.6708,121.0028,Bagong Barrio,1.6213183
CBarangay 159,14.6749,121.0069,Shorthorn,2.085591144
CBarangay 16,14.6504,120.9699,A Mabini,0.786511108
CBarangay 160,14.6796,121.0022,Marulas,2.305430431
CBarangay 161,14.6763,121.0018,Bagong Barrio,2.169696477
CBarangay 162,14.6817,121.0087,Quirino Mindanao Ave,2.308394311
CBarangay 163,14.6804,121.0125,Quirino Mindanao Ave,2.020813195
CBarangay 164,14.6896,121.0169,Quirino Mindanao Ave,1.213919526
CBarangay 165,14.7178,121.0045,Bernardino General H,3.786415186
CBarangay 166,14.7194,121.0102,Novaliches Market,3.176159238
CBarangay 167,14.7326,121.0124,Novaliches Market,3.178394844
CBarangay 168,14.7402,121.0255,Novaliches Terminal,2.222753373
CBarangay 169,14.7329,121.0233,Novaliches Terminal,2.048396114
CBarangay 17,14.6489,120.9746,A Mabini,0.44412782
CBarangay 170,14.7373,121.0331,Novaliches Terminal,1.411547285
CBarangay 171,14.7479,121.0307,Novaliches Terminal,2.538665145
CBarangay 172,14.7481,121.0411,Zabarte,1.98285877
CBarangay 173,14.7522,121.0346,Zabarte,2.726039798
CBarangay 174,14.7611,121.0495,Fairview,3.06778671
CBarangay 175,14.7657,121.0449,Fairview,3.733747029
CBarangay 176,14.7751,121.0448,Malaria,3.812716911
CBarangay 177,14.7481,121.0489,Zabarte,1.796894819
CBarangay 178,14.7572,121.0576,Fairview,2.433006488
CBarangay 179,14.7468,121.0789,Amparo,0.119163846
CBarangay 18,14.6492,120.971,A Mabini,0.608786853
CBarangay 180,14.7633,121.0792,Malaria,0.708274914
CBarangay 181,14.7654,121.0913,Pangarap,0.740128579
CBarangay 182,14.7649,121.0976,Pangarap,1.283409543
CBarangay 183,14.7549,121.0831,Pangarap,0.728922971
CBarangay 184,14.7644,121.0828,Pangarap,0.584261628
CBarangay 185,14.7695,121.0794,Malaria,0.044583142
CBarangay 186,14.7655,121.0724,Malaria,0.918466228
CBarangay 187,14.7661,121.061,Malaria,2.05948668
CBarangay 188,14.7691,121.0613,Malaria,1.989810265
CBarangay 19,14.6466,120.9749,A Mabini,0.194159255
CBarangay 2,14.6609,120.9721,Lapu-lapu,1.142336662
CBarangay 20,14.6474,120.9708,A Mabini,0.486780716
CBarangay 21,14.6445,120.9755,A Mabini,0.115023809
CBarangay 22,14.6456,120.9711,A Mabini,0.375615134
CBarangay 23,14.6435,120.9744,A Mabini,0.153913568
CBarangay 24,14.6434,120.973,A Mabini,0.231290698
CBarangay 25,14.642,120.9762,A Mabini,0.367725085
CBarangay 26,14.6414,120.9748,A Mabini,0.387091526
CBarangay 27,14.6414,120.973,A Mabini,0.418667864
CBarangay 28,14.6433,120.9708,A Mabini,0.436438989
CBarangay 29,14.6405,120.9764,A Mabini,0.52641467
CBarangay 3,14.6587,120.972,Lapu-lapu,0.999190372
CBarangay 30,14.639,120.9744,A Mabini,0.65147448
CBarangay 31,14.6406,120.9713,A Mabini,0.586941666
CBarangay 32,14.6386,120.9764,R. Papa,0.688014969
CBarangay 33,14.6365,120.9756,R. Papa,0.720830342
CBarangay 34,14.6369,120.9732,A Mabini,0.894903841
CBarangay 35,14.6381,120.9725,A Mabini,0.781514294
CBarangay 36,14.6362,120.9783,R. Papa,0.429094982
CBarangay 37,14.6386,120.9779,R. Papa,0.542815788
CBarangay 38,14.6394,120.9789,R. Papa,0.509663094
CBarangay 39,14.6373,120.9825,R. Papa,0.126108375
CBarangay 4,14.6591,120.9694,Lapu-lapu,0.791182996
CBarangay 40,14.6385,120.9824,R. Papa,0.257006168
CBarangay 41,14.6398,120.9823,R. Papa,0.400539895
CBarangay 42,14.6399,120.9805,R. Papa,0.454213575
CBarangay 43,14.6407,120.9781,A Mabini,0.603549231
CBarangay 44,14.641,120.9802,5th Ave 1,0.525451315
CBarangay 45,14.6411,120.9824,5th Ave 1,0.392929056
CBarangay 46,14.6426,120.9779,A Mabini,0.444383411
CBarangay 47,14.6425,120.9802,5th Ave 1,0.419324656
CBarangay 48,14.6427,120.9824,5th Ave 1,0.230911435
CBarangay 49,14.6445,120.9771,A Mabini,0.282383525
CBarangay 5,14.6565,120.9728,Lapu-lapu,0.994476135
CBarangay 50,14.644,120.979,5th Ave 1,0.489703363
CBarangay 51,14.6438,120.9817,5th Ave 1,0.209902108
CBarangay 52,14.6466,120.9769,A Mabini,0.319791873
CBarangay 53,14.6461,120.9785,A Mabini,0.450394759
CBarangay 54,14.6467,120.9815,5th Ave 1,0.32808644
CBarangay 55,14.645,120.9814,5th Ave 1,0.235410637
CBarangay 56,14.648,120.9768,A Mabini,0.4237305
CBarangay 57,14.648,120.9793,5th Ave 1,0.598541406
CBarangay 58,14.6481,120.9822,5th Ave 1,0.424992393
CBarangay 59,14.6498,120.9766,A Mabini,0.588421669
CBarangay 6,14.6573,120.9705,Lapu-lapu,0.786201067
CBarangay 60,14.6503,120.9787,Monumento,0.71594959
CBarangay 61,14.6494,120.9816,5th Ave 1,0.58230483
CBarangay 62,14.6508,120.9816,Monumento,0.468460385
CBarangay 63,14.6508,120.9765,A Mabini,0.688504861
CBarangay 64,14.652,120.9755,A Mabini,0.794227499
CBarangay 65,14.6527,120.9766,Monumento,0.799012537
CBarangay 66,14.6526,120.9783,Monumento,0.626504947
CBarangay 67,14.6527,120.9805,Monumento,0.404587922
CBarangay 68,14.6525,120.9827,Monumento,0.246382229
CBarangay 69,14.6541,120.9778,Monumento,0.646982881
CBarangay 7,14.6559,120.9705,Lapu-lapu,0.738170746
CBarangay 70,14.6544,120.9795,Monumento,0.462702865
CBarangay 71,14.6546,120.9831,Monumento,0.076565994
CBarangay 72,14.6555,120.9824,Monumento,0.189605695
CBarangay 73,14.6554,120.9756,Monumento,0.888944502
CBarangay 74,14.6563,120.9786,Monumento,0.59568139
CBarangay 75,14.6555,120.9806,Monumento,0.363071656
CBarangay 76,14.6564,120.9831,Monumento,0.227855705
CBarangay 77,14.658,120.981,Monumento,0.494468247
CBarangay 78,14.6594,120.9833,Monumento,0.549733585
CBarangay 79,14.6596,120.9811,Monumento,0.639019749
CBarangay 8,14.6571,120.9657,Lapu-lapu,0.355814189
CBarangay 80,14.6597,120.9766,Monumento,0.968237549
CBarangay 81,14.6594,120.9847,Monumento,0.555758478
CBarangay 82,14.6628,120.9892,Victoneta Ave,0.629402733
CBarangay 83,14.6602,120.9886,Victoneta Ave,0.770225185
CBarangay 84,14.6598,120.9868,Monumento,0.674191571
CBarangay 85,14.6586,120.9896,Monumento,0.775472216
CBarangay 86,14.6564,120.9861,Monumento,0.328579386
CBarangay 87,14.6563,120.9905,Bagong Barrio,0.722302385
CBarangay 88,14.6547,120.9861,Monumento,0.249772748
CBarangay 89,14.6544,120.9894,Monumento,0.603808372
CBarangay 9,14.6532,120.9739,A Mabini,0.922131224
CBarangay 90,14.6537,120.9863,Monumento,0.282477058
CBarangay 91,14.6524,120.9864,Monumento,0.361171467
CBarangay 92,14.6547,120.9908,Bagong Barrio,0.737599645
CBarangay 93,14.6519,120.9907,Monumento,0.795729997
CBarangay 94,14.6565,120.9942,Bagong Barrio,0.32643538
CBarangay 95,14.6563,120.9973,Bagong Barrio,0.103605913
CBarangay 96,14.6543,120.9932,Bagong Barrio,0.533429537
CBarangay 97,14.6526,120.993,Bagong Barrio,0.678482794
CBarangay 98,14.6522,120.9945,Bagong Barrio,0.624206605
CBarangay 99,14.6549,120.9972,Bagong Barrio,0.257116007
Almanza Dos,14.4023,121.0059,Almanza,3.334097478
Almanza Uno,14.433,121.0132,Almanza,0.302477497
B. F. International Village,14.4568,120.9981,Robinsons Las Pinas,1.625110763
Daniel Fajardo,14.4809,120.9816,A. Bonifacio,1.313569416
Elias Aldana,14.4773,120.9795,SM City Sucat,1.731650751
Ilaya,14.478,120.9807,SM City Sucat,1.581038118
Manuyo Dos,14.4711,120.9917,Olivares General Hos,1.115398074
Manuyo Uno,14.483,120.9845,A. Bonifacio,0.924069269
Pamplona Dos,14.4496,120.9751,Starmall Las Pinas,0.441940191
Pamplona Tres,14.4556,120.9837,Starmall Las Pinas,0.714497697
Pamplona Uno,14.4584,120.9704,Christ The King,0.162331428
Pilar,14.4208,121.0086,Almanza,1.336810819
Pulang Lupa Dos,14.4603,120.981,Starmall Las Pinas,1.034224692
Pulang Lupa Uno,14.4711,120.9775,Christ The King,1.490762293
Talon Dos,14.4405,120.9913,Robinsons Las Pinas,0.697286518
Talon Kuatro,14.4336,120.9976,Robinsons Las Pinas,0.942918549
Talon Singko,14.4233,120.9959,Marcos Alvarez,1.904261123
Talon Tres,14.4423,121.0013,Robinsons Las Pinas,0.404927842
Talon Uno,14.4384,121.0028,Marcos Alvarez,0.418431719
Zapote,14.4652,120.9682,Christ The King,0.626559845
Bangkal,14.5465,121.0122,Arnaiz Ave,0.505307629
Bel-Air,14.5606,121.0216,Malugay,0.21917052
Carmona,14.5776,121.0184,Malugay,1.738126781
Cembo,14.5632,121.0518,Cembo,0.10573436
Comembo,14.5489,121.0653,BGC,0.963598899
Dasmarinas,14.5414,121.0261,Ayala,0.884931669
East Rembo,14.5515,121.0624,Cavalry Drive,0.697483794
Forbes Park,14.5512,121.0352,Ayala,0.816967469
Guadalupe Nuevo,14.5611,121.0448,Guadalupe Nuevo,0.284679678
Guadalupe Viejo,14.5645,121.0399,Guadalupe Nuevo,0.929748891
Kasilawan,14.5757,121.0156,Malugay,1.594750715
La Paz,14.5682,121.0076,Chino Roces,1.012502678
Magallanes,14.5359,121.0179,Magallanes,0.55437537
Olympia,14.5719,121.0211,Malugay,1.102087793
Palanan,14.5603,121.0049,Osmena Highway,0.367912706
Pembo,14.5467,121.0616,BGC,0.614011222
Pinagkaisahan,14.5582,121.0408,Guadalupe Nuevo,0.63982557
Pio del Pilar,14.5525,121.0117,Arnaiz Ave,0.170252857
Pitogo,14.5566,121.0462,Guadalupe Nuevo,0.29720149
Poblacion,14.5674,121.0319,Makati Ave,0.804746281
Post Proper Northside,14.5548,121.051,Guadalupe Nuevo,0.680900793
Post Proper Southside,14.5405,121.0502,Upper McKinley Rd,0.579957956
Rizal,14.5385,121.0609,Upper McKinley Rd,0.61581885
San Antonio,14.5623,121.0084,Chino Roces,0.430704175
San Isidro,14.5539,121.0053,Osmena Highway,0.432001316
San Lorenzo,14.5516,121.0218,Ayala,0.709089838
Santa Cruz,14.5678,121.0154,Malugay,0.821954119
Singkamas,14.5725,121.011,Chino Roces,1.39611358
South Cembo,14.5592,121.0496,Guadalupe Nuevo,0.319259569
Tejeros,14.5745,121.0138,Malugay,1.544483949
Urdaneta,14.5554,121.0296,Paseo de Roxas,0.505768529
Valenzuela,14.5719,121.0243,Makati Ave,1.165927403
West Rembo,14.5597,121.0629,Cavalry Drive,0.25528084
Acacia,14.6678,120.9688,Dagat-dagatan,1.394603641
Baritan,14.6721,120.947,Navotas,2.224767333
Bayan-bayanan,14.6756,120.9456,Navotas,2.623975559
Catmon,14.67,120.9602,Dagat-dagatan,1.415376047
Concepcion,14.6689,120.9471,Navotas,1.870786627
Dampalit,14.6944,120.9324,Dalandanan,3.305963776
Flores,14.6743,120.9429,Navotas,2.532179152
Hulong Duhat,14.678,120.942,Navotas,2.952888362
Ibaba,14.6645,120.9507,Navotas,1.402487155
Longos,14.6539,120.9607,Lapu-lapu,0.340564249
Maysilo,14.6798,120.9613,Governor Santiago,1.448242828
Muzon,14.6758,120.9498,Dagat-dagatan,2.413985677
Niugan,14.6672,120.9553,Dagat-dagatan,1.29308779
Panghulo,14.6872,120.9547,Governor Santiago,1.208485431
Potrero,14.663,120.9833,Victoneta Ave,0.305458207
San Agustin,14.6614,120.9508,Navotas,1.06962156
Santolan,14.6861,120.9592,Governor Santiago,0.910865228
Tanong,14.6546,120.9535,Navotas,0.62439411
Tinajeros,14.6709,120.9696,Marulas,1.337973765
Tonsuya,14.6629,120.9586,Dagat-dagatan,0.703002879
Tugatog,14.6641,120.9694,Dagat-dagatan,1.124159937
Addition Hills,14.5852,121.0348,Shaw Center Mall,0.525282719
Bagong Silang,14.5913,121.0301,Kalentong,0.435776844
Barangka Drive,14.57,121.0362,Paseo de Roxas,1.274207551
Barangka Ibaba,14.5697,121.0392,Guadalupe Nuevo,1.406720129
Barangka Ilaya,14.5691,121.0449,Cembo,1.00676851
Barangka Itaas,14.5703,121.0418,Guadalupe Nuevo,1.328942037
Buayang Bato,14.5687,121.051,Cembo,0.695767147
Burol,14.5897,121.0276,Kalentong,0.454593671
Daang Bakal,14.5933,121.028,Kalentong,0.124953137
Hagdang Bato Itaas,14.5883,121.0309,Shaw Center Mall,0.657473196
Hagdang Bato Libis,14.5891,121.0342,Shaw Center Mall,0.291746958
Harapin Ang Bukas,14.592,121.0262,Kalentong,0.210222126
Highway Hills,14.5813,121.0488,EDSA Shaw,0.518742168
Hulo,14.5703,121.0323,Makati Ave,1.094263808
Mabini-J. Rizal,14.5858,121.0211,Kalentong,1.082260744
Malamig,14.5751,121.0465,EDSA Shaw,1.029159041
Mauway,14.5814,121.0438,A. Mabini-Shaw,0.869620569
Namayan,14.5798,121.0208,Kalentong,1.680129894
New Zaniga,14.5833,121.0286,Shaw Center Mall,1.12485095
Old Zaniga,14.58,121.0268,Kalentong,1.522325067
Pag-asa,14.5897,121.0241,Kalentong,0.543362862
Plainview,14.5766,121.0367,Shaw Center Mall,1.426890919
Pleasant Hills,14.5867,121.0416,A. Mabini-Shaw,0.268257229
Poblacion,14.5882,121.0267,Kalentong,0.61550718
San Jose,14.5801,121.0292,Shaw Center Mall,1.328493763
Vergara,14.577,121.0246,Makati Ave,1.710652223
Wack-wack Greenhills,14.5899,121.0518,Columbia,0.758844559
MBarangay 1,14.6044,120.9669,Recto 1,0.583130024
MBarangay 10,14.6062,120.9704,Recto 1,0.945588458
MBarangay 100,14.6229,120.9607,Bonifacio,0.283380499
MBarangay 101,14.6274,120.9608,Bonifacio,0.235640582
MBarangay 102,14.623,120.9623,Bonifacio,0.356475992
MBarangay 103,14.6218,120.9624,Capulong,0.363579189
MBarangay 104,14.6206,120.9627,Capulong,0.336472575
MBarangay 105,14.6239,120.9573,Bonifacio,0.341827893
MBarangay 106,14.6247,120.9615,Bonifacio,0.170926803
MBarangay 107,14.6189,120.9592,Capulong,0.118679824
MBarangay 108,14.6189,120.9627,Capulong,0.343876586
MBarangay 109,14.6184,120.9641,Capulong,0.504473802
MBarangay 11,14.6018,120.9656,Recto 1,0.266238212
MBarangay 110,14.6161,120.9591,Pacheco,0.169333183
MBarangay 111,14.6175,120.9637,Pacheco,0.479108971
MBarangay 112,14.6174,120.9624,Pacheco,0.367281692
MBarangay 116,14.6157,120.9624,Pacheco,0.260061731
MBarangay 117,14.6162,120.964,Pacheco,0.441081031
MBarangay 118,14.6129,120.9606,Pacheco,0.230965828
MBarangay 119,14.614,120.9625,Pacheco,0.276664016
MBarangay 12,14.6008,120.9652,Recto 1,0.149134422
MBarangay 120,14.6131,120.9623,Pacheco,0.310556612
MBarangay 121,14.6123,120.9642,Moriones,0.528393349
MBarangay 122,14.615,120.964,Pacheco,0.418312448
MBarangay 123,14.6104,120.9602,Moriones,0.196552237
MBarangay 124,14.6324,120.9651,Bonifacio,0.945648797
MBarangay 125,14.6343,120.9662,Bonifacio,1.18609773
MBarangay 126,14.6333,120.9637,Bonifacio,0.958264284
MBarangay 127,14.6348,120.9647,5th Ave 2,1.038139831
MBarangay 128,14.6325,120.9524,5th Ave 2,0.81729946
MBarangay 129,14.63,120.9639,Bonifacio,0.655482846
MBarangay 13,14.603,120.966,Recto 1,0.405629361
MBarangay 130,14.6289,120.9636,Bonifacio,0.542885807
MBarangay 131,14.6314,120.9655,Bonifacio,0.885043671
MBarangay 132,14.6285,120.9671,Bonifacio,0.830945955
MBarangay 133,14.6275,120.9645,Bonifacio,0.530387753
MBarangay 134,14.6292,120.9657,Bonifacio,0.737831836
MBarangay 135,14.634,120.9696,A Mabini,1.315568213
MBarangay 136,14.6311,120.9687,Bonifacio,1.123260333
MBarangay 137,14.6293,120.968,Bonifacio,0.956716079
MBarangay 138,14.6328,120.9664,Bonifacio,1.065822846
MBarangay 139,14.6308,120.9682,Bonifacio,1.060056388
MBarangay 14,14.6025,120.9668,Recto 1,0.387868399
MBarangay 140,14.631,120.9671,Bonifacio,0.978472821
MBarangay 141,14.6318,120.9678,Bonifacio,1.093117459
MBarangay 142,14.6334,120.967,Bonifacio,1.158214174
MBarangay 143,14.6315,120.9706,Abad Santos,1.173418181
MBarangay 144,14.6313,120.9697,Bonifacio,1.225509592
MBarangay 145,14.6327,120.9697,Abad Santos,1.287241969
MBarangay 146,14.6335,120.968,Bonifacio,1.238320389
MBarangay 147,14.6237,120.9678,Bonifacio,0.85245729
MBarangay 148,14.6246,120.9684,Bonifacio,0.900601577
MBarangay 149,14.6209,120.971,Capulong,1.226182884
MBarangay 15,14.6029,120.9649,Recto 1,0.379981748
MBarangay 150,14.6211,120.9688,Capulong,0.993214733
MBarangay 151,14.6193,120.9703,Capulong,1.147214257
MBarangay 152,14.6223,120.9742,Blumentritt 2,0.934108862
MBarangay 153,14.6225,120.973,Blumentritt 2,1.062120774
MBarangay 154,14.6195,120.9721,Tayuman,1.183537938
MBarangay 155,14.6212,120.9741,Blumentritt 2,0.960384077
MBarangay 156,14.6181,120.9726,Tayuman,1.100970304
MBarangay 157,14.6193,120.9735,Tayuman,1.032112887
MBarangay 158,14.6208,120.9725,Blumentritt 2,1.138082427
MBarangay 159,14.6195,120.9744,Tayuman,0.945734604
MBarangay 16,14.6022,120.9652,Recto 1,0.303198075
MBarangay 160,14.6204,120.9739,Blumentritt 2,1.001776253
MBarangay 161,14.6281,120.9748,Abad Santos,0.768434611
MBarangay 162,14.627,120.9745,Abad Santos,0.84860112
MBarangay 163,14.6242,120.974,Blumentritt 2,0.965343201
MBarangay 164,14.6252,120.9742,Blumentritt 2,0.967778368
MBarangay 165,14.6259,120.9745,Abad Santos,0.912144167
MBarangay 166,14.6259,120.9722,Abad Santos,1.124557681
MBarangay 167,14.6246,120.9719,Blumentritt 2,1.195745231
MBarangay 168,14.6263,120.9702,Bonifacio,1.094929931
MBarangay 169,14.625,120.97,Bonifacio,1.06960285
MBarangay 17,14.6016,120.9637,Recto 1,0.274167973
MBarangay 170,14.627,120.9692,Bonifacio,0.998581395
MBarangay 171,14.626,120.9684,Bonifacio,0.898903398
MBarangay 172,14.6278,120.9682,Bonifacio,0.914576985
MBarangay 173,14.6284,120.9728,Abad Santos,0.963585973
MBarangay 174,14.6272,120.9725,Abad Santos,1.035467162
MBarangay 175,14.6293,120.9706,Abad Santos,1.178097014
MBarangay 176,14.6283,120.9698,Bonifacio,1.095595688
MBarangay 177,14.6344,120.9728,Abad Santos,1.022454554
MBarangay 178,14.6334,120.974,Abad Santos,0.860464823
MBarangay 179,14.6298,120.9734,Abad Santos,0.872123466
MBarangay 18,14.6006,120.9638,Recto 1,0.179705504
MBarangay 180,14.6301,120.9717,Abad Santos,1.052198926
MBarangay 181,14.631,120.9734,Abad Santos,0.868677959
MBarangay 182,14.6323,120.9715,Abad Santos,1.088558051
MBarangay 183,14.6324,120.9735,Abad Santos,0.879539049
MBarangay 184,14.6341,120.9757,Abad Santos,0.730586429
MBarangay 185,14.6294,120.975,Abad Santos,0.707850915
MBarangay 186,14.6315,120.9754,Abad Santos,0.659598717
MBarangay 187,14.6359,120.9816,R. Papa,0.079835968
MBarangay 188,14.6357,120.9804,R. Papa,0.209693241
MBarangay 189,14.6368,120.9808,R. Papa,0.173868861
MBarangay 19,14.6024,120.9636,Recto 1,0.357640194
MBarangay 190,14.6374,120.9801,R. Papa,0.271161385
MBarangay 191,14.6373,120.9815,R. Papa,0.149907193
MBarangay 192,14.6387,120.9798,R. Papa,0.386388599
MBarangay 193,14.6349,120.9799,R. Papa,0.293196083
MBarangay 194,14.6351,120.9787,R. Papa,0.404071869
MBarangay 195,14.6343,120.979,R. Papa,0.410315379
MBarangay 196,14.6348,120.981,R. Papa,0.205957848
MBarangay 197,14.634,120.9806,R. Papa,0.301751866
MBarangay 198,14.631,120.9768,Abad Santos,0.50319197
MBarangay 199,14.6342,120.9773,R. Papa,0.579803998
MBarangay 2,14.6051,120.9675,Recto 1,0.679194583
MBarangay 20,14.6063,120.9505,Moriones,1.15380374
MBarangay 200,14.6332,120.9769,Abad Santos,0.568417991
MBarangay 201,14.6316,120.979,Abad Santos,0.286325497
MBarangay 202,14.6333,120.9789,Abad Santos,0.405745904
MBarangay 202-A,14.6329,120.9803,Abad Santos,0.282783384
MBarangay 203,14.6287,120.9781,Abad Santos,0.418172501
MBarangay 204,14.6279,120.9766,Abad Santos,0.602381561
MBarangay 205,14.6301,120.9786,Abad Santos,0.312380122
MBarangay 206,14.63,120.9804,Abad Santos,0.131664329
MBarangay 207,14.6281,120.981,Abad Santos,0.281320944
MBarangay 208,14.6295,120.9821,Abad Santos,0.140640424
MBarangay 209,14.6249,120.9816,Blumentritt 2,0.264089007
MBarangay 210,14.626,120.9826,Blumentritt 2,0.349808495
MBarangay 211,14.6266,120.9813,Abad Santos,0.443329652
MBarangay 212,14.6265,120.9794,Abad Santos,0.505089246
MBarangay 213,14.6248,120.9766,Blumentritt 2,0.707346578
MBarangay 214,14.6258,120.9761,Abad Santos,0.78429418
MBarangay 215,14.6263,120.9778,Abad Santos,0.617790871
MBarangay 216,14.6245,120.9779,Blumentritt 2,0.56395352
MBarangay 217,14.625,120.9756,Blumentritt 2,0.816779822
MBarangay 218,14.6225,120.9754,Blumentritt 2,0.803777166
MBarangay 219,14.6244,120.9788,Blumentritt 2,0.469107531
MBarangay 220,14.624,120.9809,Blumentritt 2,0.245913708
MBarangay 221,14.6208,120.9761,Blumentritt 2,0.761918038
MBarangay 222,14.6188,120.9762,Tayuman,0.737396334
MBarangay 223,14.6203,120.9784,Blumentritt 2,0.556364686
MBarangay 224,14.6219,120.9787,Blumentritt 2,0.459456945
MBarangay 225,14.618,120.9784,Tayuman,0.484957242
MBarangay 226,14.6181,120.9779,Tayuman,0.539824542
MBarangay 227,14.622,120.9771,Blumentritt 2,0.626765336
MBarangay 228,14.622,120.9758,Blumentritt 2,0.765532208
MBarangay 229,14.6182,120.9773,Tayuman,0.605130669
MBarangay 230,14.6182,120.9768,Tayuman,0.657381159
MBarangay 231,14.6203,120.9773,Blumentritt 2,0.661266453
MBarangay 232,14.6184,120.975,Tayuman,0.851450464
MBarangay 233,14.6177,120.976,Tayuman,0.732018236
MBarangay 234,14.6163,120.9752,Tayuman,0.813585923
MBarangay 235,14.6152,120.9766,Tayuman,0.684447243
MBarangay 236,14.6154,120.9749,Tayuman,0.858286473
MBarangay 237,14.6146,120.9747,Tayuman,0.8994471
MBarangay 238,14.6092,120.9754,Bambang,0.783480466
MBarangay 239,14.6134,120.9758,Bambang,0.760472095
MBarangay 240,14.6072,120.975,D. Jose,0.779820239
MBarangay 241,14.6124,120.9738,Bambang,0.941575488
MBarangay 242,14.6087,120.9747,D. Jose,0.868626536
MBarangay 243,14.6116,120.9748,Bambang,0.823960749
MBarangay 244,14.6111,120.9752,Bambang,0.778478638
MBarangay 245,14.6088,120.9741,D. Jose,0.931897398
MBarangay 246,14.6115,120.9758,Bambang,0.715692777
MBarangay 247,14.6075,120.9739,D. Jose,0.902899103
MBarangay 248,14.6099,120.9744,Bambang,0.873612454
MBarangay 249,14.616,120.9776,Tayuman,0.560296625
MBarangay 25,14.604,120.9655,Lakandula,0.474404618
MBarangay 250,14.61,120.9768,Bambang,0.616654238
MBarangay 251,14.6146,120.9776,Tayuman,0.604812039
MBarangay 252,14.6144,120.977,Tayuman,0.672906887
MBarangay 253,14.6145,120.9781,Tayuman,0.560942961
MBarangay 254,14.6119,120.9771,Bambang,0.581765074
MBarangay 255,14.6143,120.9787,Tayuman,0.515865077
MBarangay 256,14.6159,120.9786,Tayuman,0.456603669
MBarangay 257,14.6113,120.9785,Bambang,0.423950513
MBarangay 258,14.6123,120.9785,Bambang,0.445657796
MBarangay 259,14.6074,120.9762,D. Jose,0.663513988
MBarangay 26,14.6054,120.9651,Lakandula,0.4169414
MBarangay 260,14.6065,120.9782,D. Jose,0.427245122
MBarangay 261,14.6099,120.9801,Bambang,0.27992089
MBarangay 262,14.6091,120.9786,Bambang,0.46410585
MBarangay 263,14.608,120.979,D. Jose,0.436960389
MBarangay 264,14.6102,120.979,Bambang,0.380247424
MBarangay 265,14.6113,120.9798,Bambang,0.284408772
MBarangay 266,14.6066,120.9773,D. Jose,0.523285251
MBarangay 267,14.6124,120.9796,Bambang,0.340078118
MBarangay 268,14.6041,120.9714,Recto 1,0.859675168
MBarangay 269,14.6038,120.9698,Recto 1,0.705610502
MBarangay 270,14.6015,120.9684,Recto 1,0.430348412
MBarangay 271,14.6019,120.9703,Recto 1,0.631818854
MBarangay 272,14.5998,120.9676,Recto 1,0.283091447
MBarangay 273,14.5992,120.9677,Recto 1,0.292952071
MBarangay 274,14.6007,120.9667,Recto 1,0.228825604
MBarangay 275,14.5985,120.9648,Recto 1,0.109037074
MBarangay 276,14.6011,120.9675,Recto 1,0.324802486
MBarangay 28,14.6039,120.9631,Lakandula,0.23982443
MBarangay 281,14.6,120.9714,Recto 1,0.692640729
MBarangay 282,14.5974,120.9731,Lawton,0.769390488
MBarangay 283,14.5974,120.9686,Recto 1,0.450761225
MBarangay 284,14.5978,120.9699,Recto 1,0.559766758
MBarangay 285,14.598,120.971,Recto 1,0.667078256
MBarangay 286,14.5972,120.9672,Recto 1,0.34549037
MBarangay 287,14.5992,120.9741,Lawton,0.792242946
MBarangay 288,14.6007,120.9747,Lawton,0.872491451
MBarangay 289,14.5991,120.9755,Lawton,0.67993279
MBarangay 29,14.6033,120.9615,Lakandula,0.200528681
MBarangay 290,14.5993,120.9776,Lawton,0.58382837
MBarangay 291,14.5977,120.9782,Lawton,0.395386017
MBarangay 292,14.6039,120.9751,D. Jose,0.757009856
MBarangay 293,14.604,120.9731,D. Jose,0.967141046
MBarangay 294,14.6046,120.9765,D. Jose,0.595080333
MBarangay 295,14.6029,120.977,D. Jose,0.598847453
MBarangay 296,14.6023,120.9757,D. Jose,0.753829342
MBarangay 297,14.6012,120.9775,D. Jose,0.663083755
MBarangay 298,14.6003,120.979,Quiapo,0.581642254
MBarangay 299,14.6036,120.9785,D. Jose,0.41965949
MBarangay 3,14.6058,120.9682,Lakandula,0.753630875
MBarangay 30,14.6039,120.9611,Lakandula,0.133115358
MBarangay 300,14.602,120.9779,D. Jose,0.572028713
MBarangay 301,14.6021,120.9798,D. Jose,0.425919466
MBarangay 302,14.6019,120.979,D. Jose,0.495431225
MBarangay 303,14.5992,120.9804,Quiapo,0.407783653
MBarangay 304,14.6031,120.9814,Recto 2,0.240637733
MBarangay 305,14.6024,120.9804,D. Jose,0.364399512
MBarangay 306,14.5971,120.9822,Quiapo,0.27802845
MBarangay 307,14.5992,120.9828,Quiapo,0.154616183
MBarangay 308,14.6021,120.9842,Recto 2,0.178494021
MBarangay 309,14.6021,120.9827,Recto 2,0.190298712
MBarangay 31,14.6048,120.964,Lakandula,0.298841943
MBarangay 310,14.6047,120.9837,Recto 2,0.123112178
MBarangay 311,14.6069,120.9847,D. Jose,0.342085364
MBarangay 312,14.6063,120.9828,D. Jose,0.140706477
MBarangay 313,14.6046,120.9804,D. Jose,0.187135676
MBarangay 314,14.6062,120.9804,D. Jose,0.195830179
MBarangay 315,14.6084,120.9846,Bambang,0.373537444
MBarangay 316,14.6087,120.9827,Bambang,0.259389895
MBarangay 317,14.6113,120.9853,Bambang,0.311207207
MBarangay 318,14.6102,120.9847,Bambang,0.261714613
MBarangay 319,14.6102,120.9856,Bambang,0.354166793
MBarangay 32,14.6036,120.9643,Lakandula,0.368581181
MBarangay 320,14.6114,120.9834,Bambang,0.112784272
MBarangay 321,14.6103,120.9828,Bambang,0.090213667
MBarangay 322,14.6102,120.9838,Bambang,0.174243199
MBarangay 323,14.6125,120.9854,Bambang,0.359487996
MBarangay 324,14.6125,120.9839,Bambang,0.227477126
MBarangay 325,14.6126,120.983,Bambang,0.18453329
MBarangay 326,14.6104,120.9809,Bambang,0.178439061
MBarangay 327,14.6121,120.9809,Bambang,0.202581251
MBarangay 328,14.6093,120.9808,Bambang,0.259328774
MBarangay 329,14.6072,120.9808,D. Jose,0.243926131
MBarangay 33,14.6061,120.9636,Lakandula,0.277233209
MBarangay 330,14.6077,120.98,D. Jose,0.338929352
MBarangay 331,14.6149,120.9811,Tayuman,0.275238698
MBarangay 332,14.6092,120.9818,Bambang,0.213279274
MBarangay 333,14.6104,120.9819,Bambang,0.089683569
MBarangay 334,14.6116,120.982,Bambang,0.07802732
MBarangay 335,14.6071,120.9816,D. Jose,0.201570162
MBarangay 336,14.6161,120.9837,Tayuman,0.130682828
MBarangay 337,14.6149,120.9837,Tayuman,0.235915356
MBarangay 338,14.6146,120.9856,Tayuman,0.394168525
MBarangay 339,14.6136,120.9836,Bambang,0.311366164
MBarangay 34,14.6059,120.9628,Lakandula,0.189938029
MBarangay 340,14.6137,120.9855,Bambang,0.443963138
MBarangay 341,14.6164,120.9855,Tayuman,0.30159774
MBarangay 342,14.6138,120.9875,Tayuman,0.612307943
MBarangay 343,14.6153,120.9881,Tayuman,0.60198575
MBarangay 344,14.6173,120.9841,Tayuman,0.156827511
MBarangay 345,14.6199,120.9838,Blumentritt 2,0.341798245
MBarangay 346,14.6188,120.9838,Tayuman,0.248092773
MBarangay 347,14.6212,120.9839,Blumentritt 2,0.214469855
MBarangay 348,14.6221,120.9839,Blumentritt 2,0.13999251
MBarangay 349,14.6222,120.9859,Blumentritt 2,0.336117932
MBarangay 35,14.6063,120.9648,Lakandula,0.405778252
MBarangay 350,14.6199,120.9862,Blumentritt 2,0.486315155
MBarangay 351,14.6201,120.9883,Blumentritt 2,0.661030958
MBarangay 352,14.6171,120.9883,Tayuman,0.600626117
MBarangay 353,14.6174,120.9814,Tayuman,0.157620075
MBarangay 354,14.6187,120.9814,Tayuman,0.253412167
MBarangay 355,14.618,120.9793,Tayuman,0.392494871
MBarangay 356,14.6222,120.982,Blumentritt 2,0.116474617
MBarangay 357,14.6213,120.9822,Blumentritt 2,0.185123331
MBarangay 358,14.62,120.9821,Blumentritt 2,0.325365664
MBarangay 359,14.6225,120.9803,Blumentritt 2,0.277627306
MBarangay 36,14.6075,120.9641,Moriones,0.371383553
MBarangay 360,14.6212,120.9804,Blumentritt 2,0.320991412
MBarangay 361,14.6199,120.9808,Blumentritt 2,0.394042603
MBarangay 362,14.6201,120.9795,Blumentritt 2,0.472087839
MBarangay 363,14.6236,120.9838,Blumentritt 2,0.131736417
MBarangay 364,14.6233,120.986,Blumentritt 2,0.342822231
MBarangay 365,14.6232,120.9846,Blumentritt 2,0.192308709
MBarangay 366,14.6248,120.9837,Blumentritt 2,0.23450741
MBarangay 367,14.6247,120.9855,Blumentritt 2,0.351251862
MBarangay 368,14.6215,120.9885,Blumentritt 2,0.626511105
MBarangay 369,14.623,120.9871,Blumentritt 2,0.457974164
MBarangay 37,14.6073,120.9621,Moriones,0.206681119
MBarangay 370,14.6247,120.9873,Blumentritt 2,0.521184201
MBarangay 371,14.6234,120.9884,Blumentritt 2,0.600834668
MBarangay 372,14.6307,120.9891,Abad Santos,0.823901761
MBarangay 373,14.6302,120.9835,Abad Santos,0.225014183
MBarangay 374,14.6305,120.9822,Abad Santos,0.081295014
MBarangay 375,14.6292,120.9833,Abad Santos,0.252441408
MBarangay 376,14.6265,120.9877,Blumentritt 2,0.660361918
MBarangay 377,14.6277,120.9854,Abad Santos,0.532971168
MBarangay 378,14.6287,120.9845,Abad Santos,0.390048864
MBarangay 379,14.6259,120.9862,Blumentritt 2,0.494103401
MBarangay 38,14.6056,120.9623,Lakandula,0.126855305
MBarangay 380,14.6263,120.9854,Blumentritt 2,0.470361196
MBarangay 381,14.6261,120.984,Blumentritt 2,0.380481043
MBarangay 382,14.6278,120.9837,Abad Santos,0.393517308
MBarangay 383,14.5972,120.9847,Quiapo,0.180228179
MBarangay 384,14.5959,120.9842,Quiapo,0.314268746
MBarangay 385,14.5958,120.9875,Quiapo,0.485510633
MBarangay 386,14.5949,120.9897,Quiapo,0.733137352
MBarangay 387,14.5972,120.9876,Quiapo,0.408435102
MBarangay 388,14.5978,120.9881,Loyola,0.428000282
MBarangay 389,14.5983,120.9904,Legarda,0.378897179
MBarangay 39,14.6061,120.9599,Lakandula,0.182492722
MBarangay 390,14.5994,120.9896,Loyola,0.290675646
MBarangay 391,14.6012,120.9855,Loyola,0.299165024
MBarangay 392,14.6013,120.9871,Loyola,0.128823493
MBarangay 393,14.5986,120.9868,Quiapo,0.28541533
MBarangay 394,14.5997,120.985,Quiapo,0.139900269
MBarangay 395,14.6035,120.9868,Loyola,0.255115333
MBarangay 396,14.6046,120.9887,Morayta,0.1370709
MBarangay 397,14.6063,120.9902,Morayta,0.19288469
MBarangay 398,14.6057,120.9915,Morayta,0.325768349
MBarangay 399,14.6049,120.9905,Morayta,0.240371111
MBarangay 4,14.6073,120.9668,Lakandula,0.646536411
MBarangay 400,14.6034,120.9907,Legarda,0.272299162
MBarangay 401,14.6042,120.9922,Legarda,0.318824316
MBarangay 402,14.6022,120.9922,Legarda,0.098411641
MBarangay 403,14.6018,120.9912,Legarda,0.106132502
MBarangay 404,14.6022,120.9895,Loyola,0.148555023
MBarangay 405,14.605,120.9938,Legarda,0.44833121
MBarangay 406,14.6057,120.9941,Lacson,0.483759393
MBarangay 407,14.6038,120.9947,Legarda,0.395542822
MBarangay 408,14.6043,120.9953,Arellano,0.41774929
MBarangay 409,14.602,120.9972,Arellano,0.124793554
MBarangay 41,14.6084,120.9627,Moriones,0.197398346
MBarangay 410,14.6007,120.9972,Arellano,0.032541927
MBarangay 411,14.6027,120.9969,Arellano,0.199979396
MBarangay 412,14.6008,120.9946,Arellano,0.255896023
MBarangay 413,14.6016,120.995,Arellano,0.226482842
MBarangay 414,14.6024,120.9952,Arellano,0.253496537
MBarangay 415,14.6029,120.9938,Legarda,0.256662577
MBarangay 416,14.6014,120.993,Legarda,0.102293512
MBarangay 417,14.6041,120.9999,Nagtahan,0.305910052
MBarangay 418,14.6025,121.0005,Nagtahan,0.134636011
MBarangay 419,14.6034,120.9988,Nagtahan,0.26798195
MBarangay 42,14.6084,120.9633,Moriones,0.261029545
MBarangay 420,14.6015,120.9993,Nagtahan,0.089304205
MBarangay 421,14.6042,121.0032,Pureza,0.325448319
MBarangay 422,14.6053,121.0025,Pureza,0.468607409
MBarangay 423,14.6045,121.0013,Nagtahan,0.371983531
MBarangay 424,14.6028,121.0016,Nagtahan,0.227285766
MBarangay 425,14.6026,121.0033,Pureza,0.192300679
MBarangay 426,14.6022,121.0069,Pureza,0.227003897
MBarangay 427,14.6032,121.0045,Pureza,0.16637502
MBarangay 428,14.6039,121.0046,Pureza,0.241031935
MBarangay 429,14.6071,120.9959,Lacson,0.446401309
MBarangay 43,14.6088,120.962,Moriones,0.117946391
MBarangay 430,14.6061,120.9945,Lacson,0.455229329
MBarangay 431,14.6067,120.9951,Lacson,0.425864007
MBarangay 432,14.6063,120.9975,Arellano,0.600835442
MBarangay 433,14.6042,120.9961,Arellano,0.377692451
MBarangay 434,14.6056,120.996,Arellano,0.531144012
MBarangay 435,14.6046,120.9968,Arellano,0.410473414
MBarangay 436,14.6049,120.9992,Nagtahan,0.405671853
MBarangay 437,14.606,121.0007,Nagtahan,0.519140381
MBarangay 438,14.6066,120.9994,Nagtahan,0.586711499
MBarangay 439,14.6062,120.9988,Nagtahan,0.555711342
MBarangay 44,14.6086,120.96,Moriones,0.099247717
MBarangay 440,14.6082,120.999,Vicente Cruz,0.589433017
MBarangay 441,14.6092,120.998,Vicente Cruz,0.4355424
MBarangay 442,14.6098,120.9986,Vicente Cruz,0.451710261
MBarangay 443,14.6087,120.9996,Vicente Cruz,0.606903466
MBarangay 444,14.6077,121.0006,Nagtahan,0.705324189
MBarangay 445,14.6071,121,Nagtahan,0.637099056
MBarangay 446,14.6067,121.0016,Nagtahan,0.613997106
MBarangay 447,14.6087,120.9974,Vicente Cruz,0.43007402
MBarangay 448,14.6076,120.9983,Vicente Cruz,0.585689731
MBarangay 449,14.6082,120.9968,Vicente Cruz,0.441258733
MBarangay 45,14.608,120.9649,Moriones,0.438509976
MBarangay 450,14.6118,120.9968,Vicente Cruz,0.203748046
MBarangay 451,14.611,120.9963,Vicente Cruz,0.170576333
MBarangay 452,14.6109,120.9953,Vicente Cruz,0.101797478
MBarangay 453,14.6098,120.9964,Vicente Cruz,0.267865906
MBarangay 454,14.6102,120.9945,Lacson,0.170724612
MBarangay 455,14.6091,120.9956,Vicente Cruz,0.301200204
MBarangay 456,14.6089,120.9944,Lacson,0.193773064
MBarangay 457,14.6075,120.9928,Lacson,0.268633259
MBarangay 458,14.6059,120.9927,Lacson,0.44599177
MBarangay 459,14.6074,120.9915,Lacson,0.319524231
MBarangay 46,14.6089,120.9639,Moriones,0.322945234
MBarangay 460,14.6083,120.9931,Lacson,0.180502185
MBarangay 461,14.6086,120.994,Lacson,0.185686059
MBarangay 462,14.6059,120.9873,Morayta,0.127339322
MBarangay 463,14.607,120.9866,Morayta,0.240900601
MBarangay 464,14.6059,120.986,Morayta,0.267246377
MBarangay 465,14.608,120.9876,Morayta,0.259132771
MBarangay 466,14.6087,120.9867,Morayta,0.371863736
MBarangay 467,14.6076,120.987,Morayta,0.253342174
MBarangay 468,14.6065,120.9881,Morayta,0.085605837
MBarangay 469,14.607,120.9887,Morayta,0.132714613
MBarangay 47,14.6091,120.9654,Moriones,0.485641218
MBarangay 470,14.6101,120.9895,Lacson,0.371254515
MBarangay 471,14.6112,120.9871,Bambang,0.504050935
MBarangay 472,14.6142,120.9944,Vicente Cruz,0.277894575
MBarangay 473,14.6131,120.9954,Vicente Cruz,0.159678354
MBarangay 474,14.615,120.9932,Vicente Cruz,0.405227842
MBarangay 475,14.6128,120.9946,Vicente Cruz,0.122159631
MBarangay 476,14.6125,120.9937,Vicente Cruz,0.155255158
MBarangay 477,14.6141,120.9921,Vicente Cruz,0.399950228
MBarangay 478,14.6122,120.9926,Lacson,0.254493919
MBarangay 479,14.611,120.9926,Lacson,0.12459413
MBarangay 48,14.6084,120.9714,Moriones,1.131370893
MBarangay 480,14.6134,120.9913,Lacson,0.423294925
MBarangay 481,14.6127,120.9906,Lacson,0.39744019
MBarangay 482,14.6175,120.9895,Tayuman,0.733024738
MBarangay 483,14.6183,120.9902,Tayuman,0.821140956
MBarangay 484,14.6194,120.9895,Tayuman,0.783246639
MBarangay 485,14.6172,120.9912,Vicente Cruz,0.724572368
MBarangay 486,14.6164,120.9903,Vicente Cruz,0.716082584
MBarangay 487,14.6162,120.9922,Vicente Cruz,0.573575551
MBarangay 488,14.6153,120.9913,Vicente Cruz,0.553721435
MBarangay 489,14.6144,120.9903,Lacson,0.571170837
MBarangay 49,14.6069,120.9709,Recto 1,1.039799912
MBarangay 490,14.6142,120.9892,Lacson,0.621530381
MBarangay 491,14.6159,120.9895,Vicente Cruz,0.742840881
MBarangay 492,14.624,120.9903,Blumentritt 2,0.812481279
MBarangay 493,14.6249,120.9898,Blumentritt 2,0.782225935
MBarangay 494,14.6222,120.9923,Blumentritt 2,1.020419626
MBarangay 495,14.6231,120.9912,Blumentritt 2,0.89981739
MBarangay 496,14.6215,120.9939,Blumentritt 1,0.867787689
MBarangay 497,14.622,120.9899,Blumentritt 2,0.765104512
MBarangay 498,14.6207,120.9929,Blumentritt 1,0.874625911
MBarangay 499,14.6191,120.9911,Vicente Cruz,0.912153727
MBarangay 5,14.6081,120.9664,Moriones,0.596458476
MBarangay 50,14.6135,120.9723,Bambang,1.124625315
MBarangay 500,14.6206,120.9906,Blumentritt 2,0.871017198
MBarangay 501,14.6199,120.992,Blumentritt 1,0.894332157
MBarangay 502,14.6146,120.9971,Blumentritt 1,0.200040771
MBarangay 503,14.6139,120.9963,Vicente Cruz,0.282226588
MBarangay 504,14.6156,120.996,Blumentritt 1,0.305461343
MBarangay 505,14.6149,120.9951,Vicente Cruz,0.350457836
MBarangay 506,14.6168,120.9951,Blumentritt 1,0.43400873
MBarangay 507,14.616,120.9942,Vicente Cruz,0.477733138
MBarangay 508,14.6178,120.994,Blumentritt 1,0.58872194
MBarangay 509,14.617,120.9932,Vicente Cruz,0.610668748
MBarangay 51,14.6108,120.972,Bambang,1.123501262
MBarangay 510,14.6189,120.993,Blumentritt 1,0.743302544
MBarangay 511,14.6181,120.9921,Vicente Cruz,0.766267867
MBarangay 512,14.6173,120.9996,Blumentritt 1,0.238065826
MBarangay 513,14.617,120.9979,Blumentritt 1,0.213641067
MBarangay 514,14.6188,120.9951,Blumentritt 1,0.558008044
MBarangay 515,14.6193,120.997,Blumentritt 1,0.4851568
MBarangay 516,14.6209,120.9952,Blumentritt 1,0.733093595
MBarangay 517,14.6154,120.9979,Blumentritt 1,0.099572037
MBarangay 518,14.6198,120.9941,Blumentritt 1,0.712393443
MBarangay 519,14.6165,120.9969,Blumentritt 1,0.246254153
MBarangay 52,14.6139,120.9714,Pacheco,1.220903749
MBarangay 520,14.6178,120.9962,Blumentritt 1,0.395915885
MBarangay 521,14.612,120.9981,Vicente Cruz,0.344917441
MBarangay 522,14.6127,120.9984,Blumentritt 1,0.289852406
MBarangay 523,14.6131,120.9992,Blumentritt 1,0.245582891
MBarangay 524,14.6136,120.9991,Blumentritt 1,0.189241245
MBarangay 525,14.6135,121.0005,Blumentritt 1,0.268361244
MBarangay 526,14.6144,120.9998,Blumentritt 1,0.144465635
MBarangay 527,14.614,121.0025,Blumentritt 1,0.421623807
MBarangay 528,14.6153,121.0002,Blumentritt 1,0.149010835
MBarangay 529,14.6142,121.0016,Blumentritt 1,0.323105396
MBarangay 53,14.6152,120.9727,Tayuman,1.09558962
MBarangay 530,14.616,121.0009,Blumentritt 1,0.23784821
MBarangay 531,14.6155,121.0024,Blumentritt 1,0.386745541
MBarangay 532,14.6129,121.0015,Blumentritt 1,0.391628911
MBarangay 533,14.6131,121.0026,Blumentritt 1,0.47405985
MBarangay 534,14.6121,121.0032,Blumentritt 1,0.589426398
MBarangay 535,14.6117,121.0021,Blumentritt 1,0.531712661
MBarangay 536,14.6128,121.0041,Blumentritt 1,0.63226993
MBarangay 537,14.614,121.0036,Blumentritt 1,0.53466606
MBarangay 538,14.6137,121.0046,Blumentritt 1,0.647365189
MBarangay 539,14.611,121.0036,Blumentritt 1,0.700471848
MBarangay 54,14.6166,120.9731,Tayuman,1.038123818
MBarangay 540,14.6129,121.0055,Blumentritt 1,0.766980764
MBarangay 541,14.6124,121.0063,Blumentritt 1,0.867241945
MBarangay 542,14.6094,121.0003,Vicente Cruz,0.635743823
MBarangay 543,14.6105,120.9993,Vicente Cruz,0.492424416
MBarangay 544,14.6086,121.0005,Vicente Cruz,0.695194102
MBarangay 545,14.6088,121.0022,Blumentritt 1,0.805098311
MBarangay 546,14.6079,121.0029,Pureza,0.71368672
MBarangay 547,14.6112,121.001,Blumentritt 1,0.509812869
MBarangay 548,14.6111,120.9997,Blumentritt 1,0.473046442
MBarangay 549,14.6098,121.0036,Blumentritt 1,0.796416498
MBarangay 55,14.6168,120.9716,Tayuman,1.199466101
MBarangay 550,14.6084,121.0013,Nagtahan,0.791225923
MBarangay 551,14.6073,121.0024,Pureza,0.66985401
MBarangay 552,14.6089,121.0033,Pureza,0.810126114
MBarangay 553,14.6093,121.0017,Blumentritt 1,0.731742214
MBarangay 554,14.6101,121.0011,Blumentritt 1,0.624507265
MBarangay 555,14.6114,121.008,D. Tuazon,1.062728299
MBarangay 556,14.611,121.0077,Old Sta. Mesa,1.048033551
MBarangay 557,14.6104,121.0079,Old Sta. Mesa,0.978996425
MBarangay 558,14.611,121.0066,Blumentritt 1,0.963466219
MBarangay 559,14.6104,121.0068,Pureza,0.981535863
MBarangay 56,14.6105,120.9704,Moriones,1.040831894
MBarangay 560,14.6099,121.0096,Old Sta. Mesa,0.858458614
MBarangay 561,14.61,121.0065,Pureza,0.931641687
MBarangay 562,14.6096,121.0062,Pureza,0.882330398
MBarangay 563,14.6093,121.0059,Pureza,0.844668531
MBarangay 564,14.609,121.0057,Pureza,0.80906009
MBarangay 565,14.608,121.0062,Pureza,0.708331246
MBarangay 566,14.608,121.008,Old Sta. Mesa,0.745138039
MBarangay 567,14.6076,121.0058,Pureza,0.656989049
MBarangay 568,14.6091,121.0089,Old Sta. Mesa,0.80268177
MBarangay 569,14.605,121.0079,Pureza,0.488510189
MBarangay 57,14.6107,120.9688,Moriones,0.877137925
MBarangay 570,14.6043,121.0061,Pureza,0.314232999
MBarangay 571,14.6051,121.0055,Pureza,0.378889652
MBarangay 572,14.6061,121.0063,Pureza,0.507672001
MBarangay 573,14.6071,121.0039,Pureza,0.602333712
MBarangay 574,14.6062,121.0048,Pureza,0.494056552
MBarangay 575,14.607,121.0053,Pureza,0.584577592
MBarangay 576,14.6053,121.0042,Pureza,0.400580599
MBarangay 577,14.6079,121.0043,Pureza,0.684676527
MBarangay 578,14.6039,121.0091,Old Sta. Mesa,0.347693832
MBarangay 579,14.6028,121.0092,Old Sta. Mesa,0.302250034
MBarangay 58,14.6124,120.9704,Moriones,1.099258786
MBarangay 580,14.6041,121.0073,Pureza,0.371850024
MBarangay 581,14.6055,121.01,Old Sta. Mesa,0.395232487
MBarangay 582,14.6091,121.0107,Old Sta. Mesa,0.743543135
MBarangay 583,14.6086,121.01,Old Sta. Mesa,0.708318515
MBarangay 584,14.6075,121.0113,Old Sta. Mesa,0.5583882
MBarangay 585,14.6043,121.0133,Old Sta. Mesa,0.24441094
MBarangay 586,14.605,121.0155,V. Mapa,0.199717016
MBarangay 587,14.6011,121.014,Old Sta. Mesa,0.266313556
MBarangay 587-A,14.602,121.0155,V. Mapa,0.301071188
MBarangay 588,14.6007,121.016,V. Mapa,0.405880048
MBarangay 589,14.5989,121.0166,V. Mapa,0.588490262
MBarangay 59,14.6129,120.9693,Moriones,1.013680614
MBarangay 590,14.5981,121.0144,Old Sta. Mesa,0.551667193
MBarangay 591,14.5991,121.0153,Old Sta. Mesa,0.518365768
MBarangay 592,14.6006,121.0122,Old Sta. Mesa,0.211242621
MBarangay 593,14.6012,121.0108,Old Sta. Mesa,0.19238168
MBarangay 594,14.6034,121.0172,V. Mapa,0.087642661
MBarangay 595,14.6026,121.0184,V. Mapa,0.221191137
MBarangay 596,14.6013,121.0172,V. Mapa,0.319907926
MBarangay 597,14.601,121.0187,V. Mapa,0.390252394
MBarangay 598,14.6002,121.0205,V. Mapa,0.569858164
MBarangay 599,14.5997,121.018,V. Mapa,0.505139519
MBarangay 6,14.6092,120.9678,Moriones,0.74436253
MBarangay 60,14.6135,120.9705,Pacheco,1.12976289
MBarangay 600,14.5982,121.0196,V. Mapa,0.713224635
MBarangay 601,14.5981,121.0227,Kalentong,0.662965657
MBarangay 602,14.5962,121.023,Kalentong,0.503225554
MBarangay 603,14.5965,121.0175,V. Mapa,0.851771817
MBarangay 604,14.5941,121.022,Kalentong,0.533632128
MBarangay 605,14.5952,121.0203,Kalentong,0.733037433
MBarangay 606,14.5946,121.0228,Kalentong,0.455712117
MBarangay 607,14.5936,121.0248,Kalentong,0.231248639
MBarangay 608,14.5919,121.0229,Kalentong,0.481416342
MBarangay 609,14.5916,121.0207,Kalentong,0.713506343
MBarangay 61,14.6159,120.9704,Pacheco,1.112930064
MBarangay 610,14.5932,121.0182,Kalentong,0.943765227
MBarangay 611,14.5953,121.0165,Old Sta. Mesa,0.933080657
MBarangay 612,14.5938,121.0215,Kalentong,0.586182977
MBarangay 613,14.5937,121.0194,Kalentong,0.812466844
MBarangay 614,14.5944,121.0178,Kalentong,0.987399743
MBarangay 615,14.5952,121.0188,Kalentong,0.891482663
MBarangay 616,14.5945,121.0185,Kalentong,0.913113874
MBarangay 617,14.5924,121.0222,Kalentong,0.532383979
MBarangay 618,14.591,121.0228,Kalentong,0.540480384
MBarangay 619,14.5921,121.0176,Kalentong,1.022979888
MBarangay 62,14.6114,120.9672,Moriones,0.738281945
MBarangay 620,14.59,121.0206,Kalentong,0.799738029
MBarangay 621,14.5959,121.0143,Old Sta. Mesa,0.771367909
MBarangay 622,14.591,121.0185,Kalentong,0.959255686
MBarangay 623,14.5894,121.0193,Kalentong,0.954047099
MBarangay 624,14.5905,121.0191,Kalentong,0.918470215
MBarangay 625,14.5893,121.0176,Kalentong,1.120779657
MBarangay 626,14.6008,121.0053,Pureza,0.114343225
MBarangay 627,14.6009,121.0071,Pureza,0.259640162
MBarangay 628,14.5985,121.0057,Pureza,0.369520929
MBarangay 629,14.6009,121.0092,Old Sta. Mesa,0.348570324
MBarangay 63,14.612,120.968,Moriones,0.844128046
MBarangay 630,14.5971,121.0104,Old Sta. Mesa,0.621286668
MBarangay 631,14.6003,121.0038,Pureza,0.194834206
MBarangay 632,14.6003,121.0028,Pureza,0.271851669
MBarangay 633,14.5998,121.0024,Nagtahan,0.299781863
MBarangay 634,14.6004,121.0006,Nagtahan,0.116789791
MBarangay 635,14.598,120.9998,Nagtahan,0.371420064
MBarangay 636,14.5974,121.0014,Nagtahan,0.457781301
MBarangay 637,14.5995,120.9971,Arellano,0.154844767
MBarangay 638,14.5987,120.9944,Arellano,0.368496072
MBarangay 639,14.5966,120.9961,Arellano,0.484331147
MBarangay 64,14.6104,120.9673,Moriones,0.712350458
MBarangay 640,14.5982,120.9974,Arellano,0.301607063
MBarangay 641,14.5982,120.992,Legarda,0.345482254
MBarangay 642,14.5958,120.9927,Legarda,0.614932957
MBarangay 643,14.5945,120.9936,Legarda,0.772981693
MBarangay 644,14.5935,120.9921,Legarda,0.865478121
MBarangay 645,14.5928,120.991,Legarda,0.949729888
MBarangay 646,14.5928,120.9886,Quiapo,0.813229947
MBarangay 647,14.5935,120.9847,Manila City Hall,0.560622139
MBarangay 648,14.5936,120.9869,Quiapo,0.641028597
MBarangay 649,14.5842,120.9633,Intramuros,1.075062685
MBarangay 65,14.6133,120.9684,Pacheco,0.910441835
MBarangay 650,14.5893,120.9687,Intramuros,0.280043774
MBarangay 651,14.5875,120.9701,Intramuros,0.322666008
MBarangay 652,14.5854,120.9712,Intramuros,0.536159578
MBarangay 653,14.5834,120.9727,Bayview,0.750428437
MBarangay 654,14.5924,120.9768,Lawton,0.365638508
MBarangay 655,14.5908,120.9738,Intramuros,0.296182074
MBarangay 656,14.5932,120.9714,Intramuros,0.328434942
MBarangay 657,14.5865,120.9773,Manila City Hall,0.566328757
MBarangay 658,14.5897,120.9774,Manila City Hall,0.340929408
MBarangay 659,14.5884,120.9829,Manila City Hall,0.3628923
MBarangay 659-A,14.5935,120.9812,Lawton,0.204349412
MBarangay 66,14.6135,120.9647,Pacheco,0.518539665
MBarangay 660,14.5872,120.9844,UN Ave,0.530861311
MBarangay 660-A,14.5841,120.9852,UN Ave,0.199414686
MBarangay 661,14.5881,120.988,UN Ave,0.730463949
MBarangay 662,14.5882,120.9929,UN Ave,1.103000422
MBarangay 663,14.5896,120.9867,Manila City Hall,0.686014921
MBarangay 663-A,14.5907,120.9887,Manila City Hall,0.892234514
MBarangay 664,14.5853,120.9878,UN Ave,0.472934438
MBarangay 664-A,14.5876,120.9916,UN Ave,0.950823407
MBarangay 666,14.5832,120.9801,UN Ave,0.489742095
MBarangay 667,14.5784,120.9796,Bayview,0.183132375
MBarangay 668,14.5749,120.9815,Quintos,0.24661399
MBarangay 669,14.5768,120.9851,Pedro Gil,0.32283209
MBarangay 67,14.6143,120.9652,Pacheco,0.552013538
MBarangay 670,14.5802,120.9836,UN Ave,0.265461777
MBarangay 671,14.5818,120.9932,Pedro Gil,0.817015854
MBarangay 672,14.5833,120.9918,UN Ave,0.785238435
MBarangay 673,14.5796,120.9919,Pedro Gil,0.546587718
MBarangay 674,14.5819,120.9887,UN Ave,0.448421366
MBarangay 675,14.5776,120.9901,Pedro Gil,0.258329044
MBarangay 676,14.5795,120.9884,Pedro Gil,0.348326568
MBarangay 677,14.5832,120.9941,Pedro Gil,0.997219875
MBarangay 678,14.5831,120.9958,Pedro Gil,1.117918749
MBarangay 679,14.5799,120.9943,Pedro Gil,0.777393059
MBarangay 68,14.613,120.9651,Pacheco,0.577847761
MBarangay 680,14.581,120.9962,Pedro Gil,1.015567299
MBarangay 681,14.5794,120.9963,Pedro Gil,0.948849687
MBarangay 682,14.5807,120.9985,Pedro Gil,1.222507113
MBarangay 683,14.5774,120.9957,Pedro Gil,0.830824541
MBarangay 684,14.5774,120.9947,Pedro Gil,0.72423721
MBarangay 685,14.5774,120.9967,Pedro Gil,0.937679757
MBarangay 686,14.5764,120.9946,Pedro Gil,0.704430871
MBarangay 687,14.5767,120.9932,Pedro Gil,0.554769306
MBarangay 688,14.5747,120.9936,Quirino,0.525450488
MBarangay 689,14.5737,120.9928,Quirino,0.389633456
MBarangay 69,14.6107,120.9648,Moriones,0.471172655
MBarangay 690,14.574,120.9917,Quirino,0.397356455
MBarangay 691,14.5727,120.9925,Quirino,0.274932625
MBarangay 692,14.572,120.9915,Quirino,0.175482321
MBarangay 693,14.5734,120.9907,Quirino,0.341447093
MBarangay 694,14.5753,120.9901,Pedro Gil,0.249345011
MBarangay 695,14.5763,120.9918,Pedro Gil,0.402768943
MBarangay 696,14.5738,120.9887,Pedro Gil,0.292416975
MBarangay 697,14.5731,120.9872,Pedro Gil,0.373461317
MBarangay 698,14.5723,120.9858,Pedro Gil,0.512015783
MBarangay 699,14.5714,120.9834,Quintos,0.287792807
MBarangay 7,14.6064,120.969,Lakandula,0.848159123
MBarangay 70,14.6115,120.965,Moriones,0.535111991
MBarangay 700,14.569,120.9852,Ospital ng Maynila,0.594386021
MBarangay 701,14.5666,120.9859,Ospital ng Maynila,0.337840815
MBarangay 702,14.57,120.9876,Quirino,0.422761908
MBarangay 703,14.5708,120.9899,Quirino,0.177630178
MBarangay 704,14.5678,120.988,Quirino,0.475298003
MBarangay 705,14.5684,120.9888,Quirino,0.366488933
MBarangay 706,14.569,120.9898,Quirino,0.240910651
MBarangay 707,14.5681,120.9903,Quirino,0.286835492
MBarangay 708,14.5664,120.9922,Quirino,0.450487918
MBarangay 709,14.5678,120.9923,Quirino,0.301800029
MBarangay 71,14.6114,120.9661,Moriones,0.631162042
MBarangay 710,14.5674,120.9901,Quirino,0.366021743
MBarangay 711,14.5667,120.9905,Quirino,0.424828872
MBarangay 712,14.5676,120.9912,Quirino,0.313027725
MBarangay 713,14.5662,120.9914,Quirino,0.466380708
MBarangay 714,14.5691,120.991,Quirino,0.155050193
MBarangay 715,14.5659,120.9907,Quirino,0.506835407
MBarangay 716,14.5657,120.9913,Quirino,0.522023571
MBarangay 717,14.5657,120.9919,P. Ocampo,0.479798714
MBarangay 718,14.5652,120.9916,P. Ocampo,0.468783382
MBarangay 719,14.5622,120.9903,P. Ocampo,0.520409079
MBarangay 72,14.6111,120.9633,Moriones,0.365309137
MBarangay 720,14.564,120.9899,Ospital ng Maynila,0.510207878
MBarangay 721,14.5651,120.9885,Ospital ng Maynila,0.393008696
MBarangay 722,14.5722,120.9939,Quirino,0.325482358
MBarangay 723,14.5712,120.9931,Quirino,0.193110283
MBarangay 724,14.5697,120.9941,Quirino,0.29110665
MBarangay 725,14.5683,120.993,Quirino,0.284322429
MBarangay 726,14.5673,120.9952,P. Ocampo,0.510399637
MBarangay 727,14.5659,120.9955,P. Ocampo,0.357956103
MBarangay 728,14.5641,120.9962,P. Ocampo,0.195917157
MBarangay 729,14.5621,120.996,P. Ocampo,0.116520474
MBarangay 73,14.6106,120.9638,Moriones,0.372266101
MBarangay 730,14.5627,120.9975,P. Ocampo,0.258318387
MBarangay 731,14.5705,120.9966,Quirino,0.549669468
MBarangay 732,14.57,120.9975,Quirino,0.648194362
MBarangay 733,14.5672,120.997,P. Ocampo,0.539462991
MBarangay 734,14.5764,120.997,Quirino,0.888785923
MBarangay 735,14.575,120.9975,Quirino,0.821899871
MBarangay 736,14.575,120.9961,Quirino,0.709359305
MBarangay 737,14.574,120.998,Quirino,0.805019207
MBarangay 738,14.5731,120.9982,Quirino,0.780775329
MBarangay 739,14.5716,120.998,Quirino,0.712638369
MBarangay 74,14.6135,120.9664,Pacheco,0.695176981
MBarangay 740,14.5731,120.9964,Quirino,0.605920835
MBarangay 741,14.5743,120.9964,Quirino,0.680944686
MBarangay 742,14.5739,120.9955,Quirino,0.578420337
MBarangay 743,14.5728,120.995,Quirino,0.460379064
MBarangay 744,14.57,120.9958,Quirino,0.465636477
MBarangay 745,14.5677,120.9985,P. Ocampo,0.664483539
MBarangay 746,14.5667,120.9986,P. Ocampo,0.582298406
MBarangay 747,14.5699,121.0006,P. Ocampo,0.993814612
MBarangay 748,14.5688,121.0004,P. Ocampo,0.884969967
MBarangay 749,14.5684,121.0014,P. Ocampo,0.92731607
MBarangay 75,14.6133,120.9673,Pacheco,0.794635612
MBarangay 750,14.5712,120.9997,Quirino,0.887917669
MBarangay 751,14.5701,120.999,Quirino,0.808963435
MBarangay 752,14.5679,120.9999,P. Ocampo,0.774463319
MBarangay 753,14.5694,120.9983,Quirino,0.741323614
MBarangay 754,14.5686,120.9981,P. Ocampo,0.729517996
MBarangay 755,14.563,120.9991,P. Ocampo,0.432121307
MBarangay 756,14.5639,121.0001,P. Ocampo,0.554951109
MBarangay 757,14.5648,121.001,P. Ocampo,0.677095261
MBarangay 758,14.5654,121.0019,P. Ocampo,0.791560944
MBarangay 759,14.5668,121.0018,P. Ocampo,0.853142182
MBarangay 76,14.6149,120.9676,Pacheco,0.806123537
MBarangay 760,14.5662,121.0006,P. Ocampo,0.708460921
MBarangay 761,14.5656,120.9993,P. Ocampo,0.555317668
MBarangay 762,14.565,120.9981,P. Ocampo,0.412007644
MBarangay 763,14.5688,121.0047,Chino Roces,1.230742397
MBarangay 764,14.5673,121.0034,P. Ocampo,1.029493889
MBarangay 765,14.5698,121.0057,Chino Roces,1.26402924
MBarangay 766,14.5706,121.0065,Chino Roces,1.303287077
MBarangay 767,14.5714,121.0049,P. Ocampo,1.429617197
MBarangay 768,14.5701,121.0036,P. Ocampo,1.229233451
MBarangay 769,14.569,121.0025,P. Ocampo,1.059796168
MBarangay 77,14.6157,120.9678,Pacheco,0.831989542
MBarangay 770,14.5731,121.0086,Chino Roces,1.49525714
MBarangay 771,14.5738,121.0049,Quirino,1.491811009
MBarangay 772,14.5739,121.0063,Chino Roces,1.649503853
MBarangay 773,14.5744,121.0068,Chino Roces,1.684469942
MBarangay 774,14.5755,121.0065,Quirino,1.711569512
MBarangay 775,14.5719,121.0067,Chino Roces,1.427267995
MBarangay 776,14.5751,121.0094,Chino Roces,1.698316909
MBarangay 777,14.5766,121.0074,Quirino,1.845045002
MBarangay 778,14.5737,121.0103,Chino Roces,1.53351183
MBarangay 779,14.5748,121.0083,Chino Roces,1.685951672
MBarangay 78,14.6143,120.9688,Pacheco,0.938031338
MBarangay 780,14.5769,121.0097,Chino Roces,1.892161491
MBarangay 781,14.5778,121.0088,Chino Roces,2.003209104
MBarangay 782,14.576,121.0103,Chino Roces,1.787162663
MBarangay 783,14.5751,121.0112,Chino Roces,1.682972995
MBarangay 784,14.5765,121.0027,Quirino,1.382063972
MBarangay 785,14.5751,121.0043,Quirino,1.473568893
MBarangay 786,14.5753,121.003,Quirino,1.352036709
MBarangay 787,14.577,121.0038,Quirino,1.512561895
MBarangay 788,14.5781,121.0033,Quirino,1.529738536
MBarangay 789,14.5784,121.0043,Quirino,1.63808358
MBarangay 79,14.616,120.9653,Pacheco,0.570632822
MBarangay 790,14.5773,121.0053,Quirino,1.670910551
MBarangay 791,14.5778,121.0064,Quirino,1.801637622
MBarangay 792,14.5787,121.0065,Quirino,1.858300998
MBarangay 793,14.5794,121.007,Quirino,1.94380407
MBarangay 794,14.5754,121.0018,Quirino,1.23947849
MBarangay 795,14.5755,121.0011,Quirino,1.177656855
MBarangay 796,14.5753,121.0005,Quirino,1.110344968
MBarangay 797,14.5747,121.0009,Quirino,1.118465379
MBarangay 798,14.5738,121.0004,Quirino,1.029652522
MBarangay 799,14.5741,120.9995,Quirino,0.953692869
MBarangay 8,14.6087,120.9701,Moriones,0.990618032
MBarangay 80,14.6153,120.9653,Pacheco,0.559777728
MBarangay 800,14.5748,120.9988,Quirino,0.924300696
MBarangay 801,14.5742,121.0028,Quirino,1.287740977
MBarangay 802,14.5734,121.002,Quirino,1.178743426
MBarangay 803,14.5721,121.0009,Quirino,1.029994804
MBarangay 804,14.5729,121.004,Quirino,1.374817087
MBarangay 805,14.5721,121.0034,Quirino,1.295862802
MBarangay 806,14.5714,121.0025,Quirino,1.190391209
MBarangay 807,14.5705,121.0015,Quirino,1.077663776
MBarangay 808,14.5772,120.9987,Quirino,1.079692423
MBarangay 809,14.5768,121,Quirino,1.156824591
MBarangay 81,14.6153,120.9664,Pacheco,0.678035898
MBarangay 810,14.5759,120.9992,Quirino,1.028077804
MBarangay 811,14.5773,120.9978,Quirino,1.020481858
MBarangay 812,14.5778,121.0021,Quirino,1.404495973
MBarangay 813,14.5775,121.0007,Quirino,1.263948694
MBarangay 814,14.5797,121.0014,Quirino,1.481133859
MBarangay 815,14.58,121.0007,Pedro Gil,1.41977045
MBarangay 816,14.5793,121.0026,Quirino,1.548354376
MBarangay 817,14.579,121.0017,Quirino,1.452799927
MBarangay 818,14.5815,121.0036,Pedro Gil,1.767872383
MBarangay 818-A,14.5815,121.0047,Quirino,1.878259169
MBarangay 819,14.5802,121.0041,Quirino,1.736645269
MBarangay 82,14.6167,120.9665,Pacheco,0.71482231
MBarangay 820,14.5806,121.0028,Quirino,1.659199965
MBarangay 821,14.5829,120.9984,Pedro Gil,1.327755426
MBarangay 822,14.5839,120.9992,Pedro Gil,1.461012871
MBarangay 823,14.5832,121.0001,Pedro Gil,1.50122208
MBarangay 824,14.5821,120.9992,Pedro Gil,1.357323943
MBarangay 825,14.5807,121.0002,Pedro Gil,1.392888121
MBarangay 826,14.5851,120.9986,Pedro Gil,1.490788024
MBarangay 827,14.5849,120.9963,Pedro Gil,1.295682387
MBarangay 828,14.5869,120.9982,Arellano,1.553997677
MBarangay 829,14.5899,120.9959,Arellano,1.22191116
MBarangay 83,14.6181,120.9668,Capulong,0.792983428
MBarangay 830,14.5934,120.9991,Arellano,0.860262467
MBarangay 831,14.5883,120.9974,Arellano,1.394220128
MBarangay 832,14.5914,121.0013,Nagtahan,1.107551119
MBarangay 833,14.5949,121.0038,Pureza,0.764641424
MBarangay 834,14.5944,121.0075,Pureza,0.860415526
MBarangay 835,14.5918,121.0077,Pureza,1.141402081
MBarangay 836,14.5941,121.0112,Old Sta. Mesa,0.933066533
MBarangay 837,14.5923,121.0135,Old Sta. Mesa,1.140056676
MBarangay 838,14.5925,121.0114,Old Sta. Mesa,1.108039911
MBarangay 839,14.5911,121.0143,Old Sta. Mesa,1.285498905
MBarangay 84,14.6175,120.9668,Pacheco,0.773879737
MBarangay 840,14.5915,121.0113,Old Sta. Mesa,1.219127837
MBarangay 841,14.5858,120.9999,Pedro Gil,1.647975133
MBarangay 842,14.5867,121.0011,Nagtahan,1.623658618
MBarangay 843,14.5878,120.9993,Arellano,1.470319999
MBarangay 844,14.5884,121.0003,Arellano,1.428121649
MBarangay 845,14.5887,121.0015,Nagtahan,1.40684298
MBarangay 846,14.5892,121.0023,Nagtahan,1.364069
MBarangay 847,14.5904,121.0032,Nagtahan,1.255644061
MBarangay 848,14.5917,121.0041,Pureza,1.11324224
MBarangay 849,14.5844,121.0003,Pedro Gil,1.590083015
MBarangay 85,14.6174,120.9652,Pacheco,0.611752667
MBarangay 850,14.5849,121.001,Pedro Gil,1.683554512
MBarangay 851,14.5845,121.0019,Pedro Gil,1.741427071
MBarangay 852,14.5838,121.0011,Pedro Gil,1.627751136
MBarangay 853,14.5832,121.0009,Pedro Gil,1.576303101
MBarangay 855,14.5846,121.0028,Pedro Gil,1.830630989
MBarangay 856,14.5879,121.0026,Nagtahan,1.511345165
MBarangay 857,14.5859,121.0037,Nagtahan,1.751855538
MBarangay 858,14.5883,121.0034,Nagtahan,1.485965721
MBarangay 859,14.5879,121.0039,Pureza,1.534175329
MBarangay 86,14.617,120.9697,Pacheco,1.057370357
MBarangay 860,14.5894,121.0068,Pureza,1.380915437
MBarangay 861,14.5904,121.007,Pureza,1.275414515
MBarangay 862,14.5881,121.0055,Pureza,1.510276913
MBarangay 863,14.5894,121.0049,Pureza,1.364815371
MBarangay 864,14.5869,121.0049,Pureza,1.64142531
MBarangay 865,14.5885,121.0092,Pureza,1.537632978
MBarangay 866,14.583,121.0069,Pureza,2.084688792
MBarangay 867,14.584,121.0051,Pureza,1.962473311
MBarangay 868,14.5846,121.0042,Pureza,1.897183913
MBarangay 869,14.5804,121.0051,Quirino,1.835370439
MBarangay 87,14.6174,120.9683,Pacheco,0.922788896
MBarangay 870,14.5827,121.005,Pedro Gil,1.954905022
MBarangay 871,14.5827,121.0038,Pedro Gil,1.8347674
MBarangay 872,14.583,121.0027,Pedro Gil,1.739542725
MBarangay 873,14.5798,121.0122,Malugay,2.149204404
MBarangay 874,14.5769,121.0118,Chino Roces,1.881939086
MBarangay 875,14.5785,121.0124,Malugay,2.009035975
MBarangay 876,14.5815,121.0113,Kalentong,2.163247323
MBarangay 877,14.5798,121.0095,Chino Roces,2.213555712
MBarangay 878,14.579,121.0099,Chino Roces,2.121469061
MBarangay 879,14.582,121.0126,Kalentong,2.019927194
MBarangay 88,14.6153,120.9691,Pacheco,0.968571644
MBarangay 880,14.5811,121.0091,Quirino,2.234932215
MBarangay 881,14.5768,121.0131,Malugay,1.80662756
MBarangay 882,14.5781,121.0145,Malugay,1.884126329
MBarangay 883,14.5793,121.0152,Malugay,1.988725656
MBarangay 884,14.5806,121.0153,Kalentong,1.921639792
MBarangay 885,14.5824,121.0148,Kalentong,1.813974546
MBarangay 886,14.583,121.0162,Kalentong,1.660160158
MBarangay 887,14.5832,121.0172,Kalentong,1.570398102
MBarangay 888,14.5847,121.0189,Kalentong,1.324756937
MBarangay 889,14.5838,121.0138,Kalentong,1.794066536
MBarangay 89,14.6164,120.968,Pacheco,0.864560607
MBarangay 890,14.5849,121.0161,Kalentong,1.524763048
MBarangay 891,14.5857,121.0182,Kalentong,1.296849239
MBarangay 892,14.5872,121.021,Kalentong,0.967559279
MBarangay 893,14.5908,121.0239,Kalentong,0.46305037
MBarangay 894,14.5878,121.0202,Kalentong,0.980822537
MBarangay 895,14.5886,121.0214,Kalentong,0.825863415
MBarangay 896,14.5873,121.0151,Kalentong,1.462261844
MBarangay 897,14.5874,121.0177,Kalentong,1.219084368
MBarangay 898,14.5877,121.0125,Old Sta. Mesa,1.638251155
MBarangay 899,14.5871,121.0111,Old Sta. Mesa,1.706393546
MBarangay 9,14.6072,120.97,Lakandula,0.971842833
MBarangay 90,14.6159,120.9693,Pacheco,0.995028638
MBarangay 900,14.5837,121.0114,Kalentong,2.010565201
MBarangay 901,14.5871,121.0106,Old Sta. Mesa,1.710260585
MBarangay 902,14.587,121.0103,Old Sta. Mesa,1.724392305
MBarangay 903,14.5868,121.0097,Pureza,1.733209999
MBarangay 904,14.5855,121.0112,Old Sta. Mesa,1.882656054
MBarangay 905,14.5849,121.0088,Pureza,1.910759992
MBarangay 91,14.6187,120.9684,Capulong,0.949651965
MBarangay 92,14.619,120.9666,Capulong,0.753034391
MBarangay 93,14.6204,120.9667,Capulong,0.75987125
MBarangay 94,14.6232,120.9659,Bonifacio,0.672175698
MBarangay 95,14.6196,120.9649,Capulong,0.564483191
MBarangay 96,14.6245,120.9638,Bonifacio,0.41267093
MBarangay 97,14.6214,120.9644,Capulong,0.537151772
MBarangay 98,14.6275,120.9621,Bonifacio,0.319243241
MBarangay 99,14.6273,120.9629,Bonifacio,0.370148856
Barangka,14.6327,121.0821,Riverbanks,0.042024434
Calumpang,14.6238,121.0928,Ligaya,0.586719624
Concepcion Dos,14.6386,121.1117,Bayan Bayanan,1.645963914
Concepcion Uno,14.6497,121.102,Bayan Bayanan,0.131768251
Fortune,14.6632,121.1274,Nangka,2.182035358
Industrial Valley,14.6271,121.08,SM Marikina,0.652392692
Jesus de La Pena,14.6367,121.091,Marikina Bayan,0.376204363
Malanday,14.65,121.0941,Golden Valley,0.391912488
Marikina Heights,14.6501,121.117,Tumana,1.519584103
Nangka,14.6726,121.1092,Nangka,0.304189333
Parang,14.659,121.1123,Fairlane,0.792129276
San Roque,14.6281,121.0984,Sta. Lucia Grandmall,0.884623128
Santa Elena,14.6328,121.0977,Marikina Bayan,0.493096832
Santo Nino,14.6367,121.0973,Marikina Bayan,0.32668993
Tanong,14.6344,121.0867,Tanong,0.03400322
Tumana,14.6562,121.0973,Tumana,0.736000666
Alabang,14.4192,121.0449,Alabang,0.426232599
Bayanan,14.4101,121.0501,Alabang,0.780441634
Buli,14.443,121.0505,Sucat,1.34187712
Cupang,14.4381,121.0504,Sucat,1.839245026
New Alabang Village,14.4103,121.0237,ATC,1.789125868
Poblacion,14.3892,121.0448,Katihan Rd,0.026108935
Putatan,14.3948,121.048,Soldier Hills,0.458427582
Sucat,14.457,121.0531,Sucat,0.947619174
Tunasan,14.3768,121.048,SM Center Muntinlupa,0.226327162
Bagumbayan North,14.6524,120.9489,Navotas,0.072863807
Bagumbayan South,14.6511,120.9505,Navotas,0.254938284
Bangculasi,14.6502,120.9522,Navotas,0.463022661
Daanghari,14.6668,120.9406,Navotas,1.833984542
Navotas East,14.6549,120.9487,Navotas,0.319401629
Navotas West,14.6546,120.948,Navotas,0.286117706
NBBS Dagat-dagatan,14.6486,120.9575,Lapu-lapu,0.939528193
NBBS Kaunlaran,14.6444,120.9566,5th Ave 2,0.603881951
NBBS Proper,14.6427,120.9544,5th Ave 2,0.450346698
North Bay Boulevard North,14.6477,120.9503,Navotas,0.524192333
San Jose,14.6627,120.9455,Navotas,1.218962911
San Rafael Village,14.6368,120.964,5th Ave 2,0.88771785
San Roque,14.6715,120.9398,Navotas,2.341819944
Sipac-Almacen,14.6576,120.9458,Navotas,0.673664752
Tangos North,14.6748,120.9331,Navotas,3.006390145
Tangos South,14.6715,120.934,Navotas,2.650187628
Tanza 1,14.6789,120.9365,Navotas,3.234410436
Tanza 2,14.6742,120.9395,Navotas,2.630712515
B. F. Homes,14.4463,121.0275,SM City BF Paranaque,1.44221762
Baclaran,14.5316,120.9978,Baclaran Market,0.528939797
Don Bosco,14.4818,121.025,Unihealth Paranaque,1.954351095
Don Galo,14.5053,120.9912,PITX,0.57055196
La Huerta,14.5005,120.9914,Tramo,0.193887546
Marcelo Green Village,14.4762,121.0407,Bicutan Exit,1.38363087
Merville,14.4999,121.0263,FTI-Taguig,1.246333111
Moonwalk,14.4952,121.0107,NAIA T1,1.483855424
San Antonio,14.4695,121.024,Unihealth Paranaque,0.690635147
San Dionisio,14.4959,120.9893,Olivares Plaza,0.35404093
San Isidro,14.471,121.0078,Waltermart Sucat,0.0576927
San Martin de Porres,14.4945,121.0438,Bicutan Exit,0.741161437
Santo Nino,14.5032,120.9964,Sto. Nino,0.255753113
Sun Valley,14.4898,121.0326,Bicutan Exit,1.368198144
Tambo,14.5151,120.9939,PITX,0.558787867
Vitalez,14.5079,121.0061,NAIA T1,0.178825771
PBarangay 1,14.5585,120.9887,Gil Puyat,0.596997514
PBarangay 10,14.5521,120.991,Gil Puyat,0.218688592
PBarangay 100,14.5421,121.0022,Taft,0.467898807
PBarangay 101,14.5434,121.002,Taft,0.599171288
PBarangay 102,14.544,121.002,Libertad,0.559673701
PBarangay 103,14.5452,121.0036,Libertad,0.615121964
PBarangay 104,14.545,121.0019,Libertad,0.47455209
PBarangay 105,14.5457,121.0018,Libertad,0.419522672
PBarangay 106,14.5462,121.0018,Libertad,0.39203795
PBarangay 107,14.5473,121.0015,Libertad,0.323255454
PBarangay 108,14.5475,121.0032,Libertad,0.503124275
PBarangay 109,14.5467,121.0034,Libertad,0.537040885
PBarangay 11,14.5513,120.9912,Gil Puyat,0.290509194
PBarangay 110,14.5461,121.0035,Libertad,0.565663543
PBarangay 111,14.5442,121.0036,Libertad,0.673492592
PBarangay 112,14.5435,121.0037,Taft,0.676715
PBarangay 113,14.5416,121.0034,Taft,0.482485308
PBarangay 114,14.5429,121.0048,Taft,0.689208033
PBarangay 115,14.5415,121.0049,Taft,0.587857058
PBarangay 116,14.5404,121.0043,Taft,0.463894151
PBarangay 117,14.5404,121.0053,Taft,0.557720892
PBarangay 118,14.5389,121.0037,Taft,0.336773918
PBarangay 119,14.5391,121.0047,Taft,0.446698032
PBarangay 12,14.5507,120.9914,Gil Puyat,0.353782251
PBarangay 120,14.5486,121.0048,Libertad,0.680850702
PBarangay 121,14.5474,121.0053,Libertad,0.72970911
PBarangay 122,14.5463,121.0049,Libertad,0.704523812
PBarangay 123,14.5465,121.0058,Arnaiz Ave,0.779638277
PBarangay 124,14.5455,121.0054,Libertad,0.780896654
PBarangay 125,14.5443,121.0055,Libertad,0.842755981
PBarangay 126,14.5435,121.0054,Taft,0.781678116
PBarangay 127,14.5491,121.006,Arnaiz Ave,0.615647791
PBarangay 128,14.5492,121.007,Arnaiz Ave,0.511227092
PBarangay 129,14.5476,121.0067,Arnaiz Ave,0.628108567
PBarangay 13,14.5479,120.992,Antonio Arnaiz,0.296779968
PBarangay 130,14.548,121.0081,Arnaiz Ave,0.483823711
PBarangay 131,14.5458,121.0069,Arnaiz Ave,0.750049399
PBarangay 132,14.5465,121.008,Arnaiz Ave,0.615907249
PBarangay 133,14.5439,121.0069,Arnaiz Ave,0.921109701
PBarangay 134,14.5451,121.0081,Arnaiz Ave,0.741419278
PBarangay 135,14.5438,121.0085,Arnaiz Ave,0.854103246
PBarangay 136,14.5424,121.0071,Taft,0.837687375
PBarangay 137,14.5422,121.0088,Magallanes,0.865458589
PBarangay 138,14.5415,121.0069,Taft,0.76706878
PBarangay 139,14.5407,121.0067,Taft,0.708500645
PBarangay 14,14.5585,120.9913,P. Ocampo,0.61861718
PBarangay 140,14.5401,121.0064,Taft,0.654090981
PBarangay 141,14.5392,121.006,Taft,0.585860339
PBarangay 142,14.5384,121.0057,Taft,0.542448685
PBarangay 143,14.5398,121.0077,Taft,0.779174537
PBarangay 144,14.5395,121.0096,Magallanes,0.777500789
PBarangay 145,14.5341,120.9991,Taft,0.4782149
PBarangay 146,14.5365,121.001,Taft,0.184935622
PBarangay 147,14.5367,121.0026,Taft,0.261744919
PBarangay 148,14.5335,121.0027,Taft,0.557999492
PBarangay 149,14.5349,121.0037,Taft,0.484725364
PBarangay 15,14.5593,120.9919,P. Ocampo,0.509578081
PBarangay 150,14.5369,121.0037,Taft,0.35386306
PBarangay 151,14.5372,121.0048,Taft,0.456718201
PBarangay 152,14.5374,121.0066,Taft,0.643933416
PBarangay 153,14.5363,121.005,Taft,0.508802696
PBarangay 154,14.5356,121.0045,Taft,0.499083979
PBarangay 155,14.5346,121.0049,Taft,0.600796116
PBarangay 156,14.5331,121.0043,Taft,0.681046041
PBarangay 157,14.536,121.0062,Taft,0.640964948
PBarangay 158,14.5372,121.0079,Taft,0.785733147
PBarangay 159,14.5378,121.0096,Magallanes,0.832343108
PBarangay 16,14.5579,120.9919,Gil Puyat,0.598773524
PBarangay 160,14.537,121.0095,Magallanes,0.88058259
PBarangay 161,14.5356,121.0087,Taft,0.909571685
PBarangay 162,14.5348,121.0076,Taft,0.832991816
PBarangay 163,14.534,121.0077,Taft,0.885076847
PBarangay 164,14.5336,121.0074,Taft,0.882016082
PBarangay 165,14.5335,121.0062,Taft,0.786387767
PBarangay 166,14.5364,121.0104,Magallanes,0.833188211
PBarangay 167,14.5333,121.009,Taft,1.045068411
PBarangay 168,14.5316,121.0084,Taft,1.103255362
PBarangay 169,14.5381,121.0121,Magallanes,0.57671274
PBarangay 17,14.5585,120.9929,P. Ocampo,0.520657297
PBarangay 170,14.5369,121.012,Magallanes,0.66294494
PBarangay 171,14.5361,121.0118,Magallanes,0.738535351
PBarangay 172,14.5351,121.0114,Magallanes,0.84816935
PBarangay 173,14.5341,121.0116,Magallanes,0.919971203
PBarangay 174,14.5336,121.0108,Magallanes,1.0164669
PBarangay 175,14.5331,121.0105,Magallanes,1.079901289
PBarangay 176,14.5324,121.0118,Magallanes,1.065921672
PBarangay 177,14.5316,121.0111,Magallanes,1.180376932
PBarangay 178,14.5306,121.0056,NAIA T4,0.802493074
PBarangay 179,14.5307,121.0076,NAIA T4,0.975853605
PBarangay 18,14.5568,120.9919,Gil Puyat,0.494928679
PBarangay 180,14.5303,121.0117,NAIA T3,1.106804508
PBarangay 181,14.53,121.0113,NAIA T3,1.086831948
PBarangay 182,14.5309,121.0099,NAIA T4,1.197089253
PBarangay 183,14.5191,121.0196,NAIA T3,0.594355004
PBarangay 184,14.5287,121.0079,NAIA T4,0.895878731
PBarangay 185,14.5274,121.011,NAIA T3,0.830222378
PBarangay 186,14.5314,121.0051,NAIA T4,0.831174046
PBarangay 187,14.5335,121.0006,Taft,0.513561931
PBarangay 188,14.5318,121.0016,NAIA T4,0.704559429
PBarangay 189,14.5319,121.0004,Taft,0.691161952
PBarangay 19,14.5571,120.9933,Buendia,0.515204693
PBarangay 190,14.5304,121.002,NAIA T4,0.567021086
PBarangay 191,14.5203,121.0046,NAIA T4,0.749628705
PBarangay 192,14.5157,121.002,NAIA T1,0.979068951
PBarangay 193,14.5128,121.0017,NAIA T1,0.691775986
PBarangay 194,14.5125,121.0028,NAIA T1,0.615407882
PBarangay 195,14.5134,121.0053,NAIA T1,0.687989854
PBarangay 196,14.5108,121.004,NAIA T1,0.401264315
PBarangay 197,14.5094,121.014,NAIA T2,0.179810423
PBarangay 198,14.5109,121.0032,NAIA T1,0.434048872
PBarangay 199,14.5092,121.001,NAIA T1,0.445152363
PBarangay 2,14.5577,120.9892,Gil Puyat,0.505369474
PBarangay 20,14.5555,120.9923,Gil Puyat,0.418592412
PBarangay 200,14.508,121.0006,NAIA T1,0.439194347
PBarangay 201,14.5085,121.0312,FTI-Taguig,0.524818598
PBarangay 21,14.5548,120.9932,Buendia,0.421786151
PBarangay 22,14.5559,120.9937,Buendia,0.407181315
PBarangay 23,14.5539,120.9932,Buendia,0.418851091
PBarangay 24,14.5528,120.9929,Gil Puyat,0.39293874
PBarangay 25,14.5511,120.9933,Gil Puyat,0.489111128
PBarangay 26,14.5497,120.9934,Antonio Arnaiz,0.53975933
PBarangay 27,14.5481,120.9939,Antonio Arnaiz,0.4269118
PBarangay 28,14.552,120.9945,Buendia,0.371603402
PBarangay 29,14.5506,120.9945,Buendia,0.488670324
PBarangay 3,14.557,120.9895,Gil Puyat,0.428579426
PBarangay 30,14.5495,120.9948,Libertad,0.446117139
PBarangay 31,14.5485,120.9951,Libertad,0.379388566
PBarangay 32,14.547,120.9949,Libertad,0.401486709
PBarangay 33,14.5594,120.9945,P. Ocampo,0.36955733
PBarangay 34,14.5579,120.9942,Buendia,0.509806263
PBarangay 35,14.5559,120.9949,Buendia,0.297585117
PBarangay 36,14.5568,120.9959,Buendia,0.310293053
PBarangay 37,14.5548,120.9957,Buendia,0.16030421
PBarangay 38,14.5523,120.9963,Buendia,0.229964942
PBarangay 39,14.55,120.9968,Libertad,0.309734376
PBarangay 4,14.5562,120.9897,Gil Puyat,0.342496023
PBarangay 40,14.5483,120.9972,Libertad,0.155784709
PBarangay 41,14.56,120.9967,P. Ocampo,0.343618502
PBarangay 42,14.5604,120.9979,P. Ocampo,0.393628039
PBarangay 43,14.5607,120.9988,P. Ocampo,0.455099418
PBarangay 44,14.5578,120.9972,Buendia,0.394360643
PBarangay 45,14.5583,120.9985,Buendia,0.475090423
PBarangay 46,14.5572,120.9995,Buendia,0.419440847
PBarangay 47,14.555,120.998,Buendia,0.130889304
PBarangay 48,14.556,120.9991,Buendia,0.292953649
PBarangay 49,14.5533,120.9982,Buendia,0.15992326
PBarangay 5,14.5554,120.99,Gil Puyat,0.262879167
PBarangay 50,14.5542,120.9996,Buendia,0.272582912
PBarangay 51,14.5538,121.0006,Buendia,0.383396098
PBarangay 52,14.5529,120.9994,Buendia,0.291403676
PBarangay 53,14.5529,120.9999,Buendia,0.338924445
PBarangay 54,14.5525,121.001,Buendia,0.465050984
PBarangay 55,14.5514,120.9989,Buendia,0.370749204
PBarangay 56,14.5515,121.0004,Libertad,0.4586114
PBarangay 57,14.5517,121.0018,Libertad,0.558860348
PBarangay 58,14.5503,120.9992,Libertad,0.288611478
PBarangay 59,14.5487,120.9995,Libertad,0.145764063
PBarangay 6,14.5549,120.9902,Gil Puyat,0.219701968
PBarangay 60,14.5494,121.001,Libertad,0.320524034
PBarangay 61,14.5507,121.0019,Libertad,0.485882819
PBarangay 62,14.5512,121.003,Libertad,0.612289701
PBarangay 63,14.55,121.002,Libertad,0.447011678
PBarangay 64,14.5494,121.0022,Libertad,0.433631219
PBarangay 65,14.5503,121.0035,Libertad,0.603309984
PBarangay 66,14.5487,121.0029,Libertad,0.480977644
PBarangay 67,14.55,121.0051,Arnaiz Ave,0.684745372
PBarangay 68,14.5459,120.9947,Antonio Arnaiz,0.391568353
PBarangay 69,14.5464,120.9959,Libertad,0.322486121
PBarangay 7,14.5543,120.9903,Gil Puyat,0.170277011
PBarangay 70,14.5437,120.9954,Antonio Arnaiz,0.49768112
PBarangay 71,14.5453,120.9964,Libertad,0.357773954
PBarangay 72,14.5435,120.9969,Libertad,0.504638396
PBarangay 73,14.541,120.996,Taft,0.594836527
PBarangay 74,14.5413,120.9974,Taft,0.496668588
PBarangay 75,14.5381,120.997,Taft,0.396001875
PBarangay 76,14.5467,120.9861,Antonio Arnaiz,0.559771244
PBarangay 77,14.5361,120.9973,Taft,0.428058394
PBarangay 78,14.5343,120.9974,Taft,0.552383535
PBarangay 79,14.536,120.9991,Taft,0.291368121
PBarangay 8,14.5535,120.9907,Gil Puyat,0.159371701
PBarangay 80,14.538,120.999,Taft,0.181093436
PBarangay 81,14.5401,120.9987,Taft,0.303718865
PBarangay 82,14.5401,120.9994,Taft,0.2565835
PBarangay 83,14.5387,121,Taft,0.095406125
PBarangay 84,14.5402,121,Taft,0.239117649
PBarangay 85,14.5413,120.999,Taft,0.393343253
PBarangay 86,14.5425,120.9987,Taft,0.527138507
PBarangay 87,14.5432,120.9991,Libertad,0.509453557
PBarangay 88,14.5444,120.9976,Libertad,0.38660242
PBarangay 89,14.544,120.9989,Libertad,0.419150061
PBarangay 9,14.5528,120.9907,Gil Puyat,0.158455198
PBarangay 90,14.5453,120.9986,Libertad,0.273589282
PBarangay 91,14.5462,120.9978,Libertad,0.191345548
PBarangay 92,14.5471,120.9979,Libertad,0.101419494
PBarangay 93,14.5453,120.9995,Libertad,0.292427494
PBarangay 94,14.5455,121,Libertad,0.296568412
PBarangay 95,14.5468,121.0004,Libertad,0.227485933
PBarangay 96,14.5445,121.0009,Libertad,0.44244401
PBarangay 97,14.5404,121.0009,Taft,0.251129497
PBarangay 98,14.539,121.0023,Taft,0.19936042
PBarangay 99,14.5405,121.0023,Taft,0.314383956
Bagong Ilog,14.5644,121.0711,Pasig Blvd,0.222069214
Bagong Katipunan,14.5584,121.0749,Pasig,0.626420385
Bambang,14.5548,121.0785,Pasig,0.594346491
Buting,14.5533,121.0688,Cavalry Drive,0.917536969
Caniogan,14.5719,121.0804,Pasig Rotonda,0.800670644
Dela Paz,14.6137,121.096,Ligaya,0.685968223
Kalawaan,14.5512,121.0869,Pasig,1.172449525
Kapasigan,14.5645,121.0743,Pasig Rotonda,0.252060513
Kapitolyo,14.5718,121.0596,Sheridan,0.692453572
Malinao,14.558,121.076,Pasig,0.527357099
Manggahan,14.5981,121.0913,Lucky Gold,0.944926675
Maybunga,14.5784,121.0817,Julia Vargas,0.7126371
Oranbo,14.5737,121.0642,Sheridan,0.838292684
Palatiw,14.5631,121.0848,Pasig,0.587569076
Pinagbuhatan,14.557,121.091,Pasig,1.169469318
Pineda,14.5658,121.0597,11th Ave,0.662644151
Rosario,14.5863,121.0844,Rosario,0.46913958
Sagad,14.566,121.0793,Pasig Rotonda,0.357237917
San Antonio,14.5775,121.0599,Sheridan,0.246259479
San Joaquin,14.551,121.0762,Pasig,1.079205681
San Jose,14.5612,121.0735,Pasig Rotonda,0.602656201
San Miguel,14.5656,121.0856,Pasig,0.843134336
San Nicolas,14.5631,121.0781,Pasig Rotonda,0.400677652
Santa Cruz,14.5632,121.0788,Pasig,0.420740486
Santa Lucia,14.5842,121.1017,SM City East Ortigas,0.616943583
Santa Rosa,14.5593,121.0729,Pasig Blvd,0.818744564
Santo Tomas,14.5643,121.0804,Pasig,0.498883825
Santolan,14.6152,121.0818,Eastwood,0.948353672
Sumilang,14.5571,121.0747,Pasig,0.695751757
Ugong,14.5792,121.0785,Julia Vargas,0.429039904
Aguho,14.5421,121.0643,Upper McKinley Rd,0.955562576
Magtanggol,14.5483,121.0696,Cavalry Drive,1.354452313
Martires del 96,14.5397,121.0663,Upper McKinley Rd,1.158931303
Poblacion,14.545,121.0667,BGC,1.194152194
San Pedro,14.547,121.0665,BGC,1.112463235
San Roque,14.5401,121.0691,Upper McKinley Rd,1.457822056
Santa Ana,14.5466,121.0717,Cavalry Drive,1.6443988
Santo Rosario-Kanluran,14.5516,121.0683,Cavalry Drive,0.991130747
Santo Rosario-Silangan,14.5501,121.0723,Pasig,1.39199198
Tabacalera,14.5493,121.0677,Cavalry Drive,1.142358211
Alicia,14.6615,121.0254,Shorthorn,0.398624161
Amihan,14.6325,121.0671,J.P. Rizal,0.417500694
Apolonio Samson,14.6555,121.0116,Roosevelt Ave,0.914660606
Aurora,14.6156,121.0094,D. Tuazon,0.763268301
Baesa,14.6687,121.0119,Shorthorn,1.268020998
Bagbag,14.6967,121.0304,Bernardino Ave,0.194022933
Bagong Lipunan ng Crame,14.6132,121.0503,Cubao,0.939425148
Bagong Pag-asa,14.6623,121.0334,VMMC,0.435075011
Bagong Silangan,14.6978,121.1103,Northview,1.612417437
Bagumbayan,14.608,121.0823,Eastwood,0.392862809
Bagumbuhay,14.6246,121.0653,Anonas,0.392140343
Bahay Toro,14.6642,121.0216,Shorthorn,0.110611108
Balingasa,14.6505,121.0017,Bagong Barrio,0.891538034
Balong Bato,14.6646,121.0034,Bagong Barrio,1.058879332
Batasan Hills,14.6861,121.0994,Filinvest 2,0.381015795
Bayanihan,14.6152,121.07,QMMC,0.873635034
Blue Ridge A,14.6183,121.0729,QMMC,0.446305924
Blue Ridge B,14.6176,121.075,QMMC,0.538974899
Botocan,14.6371,121.0629,Anonas,1.02369889
Bungad,14.6502,121.0244,North EDSA,0.75073247
Camp Aguinaldo,14.6056,121.0624,Columbia,1.378089467
Capri,14.7167,121.0285,Nitang Ave,1.291545168
Central,14.645,121.0479,NKTI,0.042851126
Claro,14.6315,121.0646,Anonas,0.402458538
Commonwealth,14.6968,121.0875,Manggahan,0.058644736
Culiat,14.6679,121.0565,Mira Nila Homes,0.639163309
Damar,14.6457,121.0013,Bagong Barrio,1.351499082
Damayan,14.6386,121.0141,Fisher Mall,0.866324128
Damayang Lagi,14.6158,121.0233,J. Ruiz,0.643477825
Del Monte,14.6436,121.0145,Fisher Mall,1.259222975
Dioquino Zobel,14.62,121.0647,Anonas,0.878455138
Don Manuel,14.6164,121.0044,D. Tuazon,0.426722414
Dona Imelda,14.6151,121.0177,Araneta 2,0.978925613
Dona Josefa,14.6189,121.0049,D. Tuazon,0.16896225
Duyan-duyan,14.6298,121.0667,J.P. Rizal,0.265175901
E. Rodriguez,14.6273,121.052,15th Ave,0.607163071
East Kamias,14.6314,121.0568,15th Ave,0.716739463
Escopa I,14.6245,121.0735,QMMC,0.24630107
Escopa II,14.6243,121.0745,QMMC,0.244121433
Escopa III,14.6266,121.0735,QMMC,0.478545875
Escopa IV,14.6257,121.0744,QMMC,0.388577046
Fairview,14.6996,121.0641,FCM,0.918622112
Greater Lagro,14.7264,121.0659,Lagro,0.68565772
Gulod,14.712,121.0387,Novaliches General H,0.284762051
Holy Spirit,14.6837,121.0766,Ever Gotesco,0.94535291
Horseshoe,14.6112,121.0415,Bonny Serrano,0.469423702
Immaculate Concepcion,14.6222,121.0435,BGB / Betty Go-Belmo,0.395308376
Kaligayahan,14.7388,121.0507,Zabarte,0.792339463
Kalusugan,14.6231,121.0219,Araneta 1,1.078040939
Kamuning,14.6282,121.0388,GMA Kamuning,0.932199953
Katipunan,14.6557,121.0178,Roosevelt Ave,0.325043814
Kaunlaran,14.6181,121.0449,BGB / Betty Go-Belmo,0.236224983
Kristong Hari,14.625,121.0309,Robinsons Magnolia,1.25337807
Krus na Ligas,14.6444,121.0634,Gonzales,1.23627553
Laging Handa,14.6322,121.0325,Timog Ave,0.861836054
Libis,14.6151,121.0749,QMMC,0.806285016
Lourdes,14.6248,121.0021,D. Tuazon,0.550489458
Loyola Heights,14.6412,121.0745,Gonzales,0.106767775
Maharlika,14.634,120.9963,R. Papa,1.529204323
Malaya,14.636,121.0555,V. Luna,1.025084048
Mangga,14.6238,121.062,Anonas,0.503169871
Manresa,14.641,121.0006,Bagong Barrio,1.833332012
Mariana,14.6171,121.0368,Robinsons Magnolia,0.190264749
Mariblo,14.635,121.0158,Fisher Mall,0.519186313
Marilag,14.6256,121.0686,J.P. Rizal,0.409405552
Masagana,14.6186,121.0665,QMMC,0.866159341
Masambong,14.6415,121.0102,Fisher Mall,1.394973551
Matandang Balara,14.6643,121.072,Luzon Ave 2,0.158960646
Milagrosa,14.6212,121.071,QMMC,0.304168728
N. S. Amoranto,14.6317,120.9939,R. Papa,1.346104268
Nagkaisang Nayon,14.72,121.0284,Novaliches Market,1.218947401
Nayong Kanluran,14.64,121.0255,Timog Ave,0.304242112
New Era,14.6647,121.0597,Central Ave,0.624155211
North Fairview,14.7089,121.064,Atherton,0.137831734
Novaliches Proper,14.7206,121.0389,Novaliches Market,0.124547978
Obrero,14.6281,121.0294,Timog Ave,1.07961953
Old Capitol Site,14.6502,121.0529,Quezon City Hall,0.375005453
Paang Bundok,14.6279,120.9927,Blumentritt 2,1.199221988
Pag-ibig sa Nayon,14.6464,120.9964,Bagong Barrio,1.200150621
Paligsahan,14.6317,121.0214,Fisher Mall,0.254494525
Paltok,14.6432,121.0225,Timog Ave,0.77317927
Pansol,14.6506,121.0769,UP Town Center,0.270398129
Paraiso,14.6379,121.0178,Fisher Mall,0.535661289
Pasong Putik Proper,14.7366,121.0612,Fairview,0.187628774
Pasong Tamo,14.6748,121.0489,Tandang Sora 3,0.157669968
Payatas,14.7162,121.1015,Litex,2.342340802
Phil-Am,14.6484,121.031,North EDSA,0.708979903
Pinagkaisahan,14.628,121.0461,Cubao,0.816232762
Pinyahan,14.6353,121.0475,V. Luna,0.301482968
Project 6,14.662,121.0412,VMMC,0.607052373
Quirino 2-A,14.6312,121.0592,Anonas,0.632308829
Quirino 2-B,14.6326,121.0616,Anonas,0.579725091
Quirino 2-C,14.6344,121.0631,Anonas,0.724589049
Quirino 3-A,14.6286,121.0637,Anonas,0.082862683
Ramon Magsaysay,14.6592,121.0215,Roosevelt Ave,0.236154619
Roxas,14.6283,121.0216,Fisher Mall,0.621968349
Sacred Heart,14.6302,121.0387,GMA Kamuning,0.758622286
Saint Ignatius,14.6126,121.073,Eastwood,0.8646214
Saint Peter,14.635,120.9993,Banawe,1.556403275
Salvacion,14.6268,120.9942,D. Tuazon,1.295488641
San Agustin,14.7282,121.0377,Novaliches Terminal,0.415984687
San Antonio,14.6522,121.0182,Roosevelt Ave,0.659922322
San Bartolome,14.7007,121.0349,Bernardino General H,0.053580807
San Isidro,14.6127,121.009,D. Tuazon,0.984366802
San Isidro Labrador,14.6234,120.9968,D. Tuazon,0.866852868
San Jose,14.6407,120.9942,5th Ave 1,1.224287281
San Martin de Porres,14.6172,121.0492,Cubao,0.504116919
San Roque,14.6207,121.0613,15th Ave,0.652191275
San Vicente,14.6534,121.0569,Technohub,0.418378407
Sangandaan,14.674,121.0205,Shorthorn,1.152572289
Santa Cruz,14.6344,121.0201,Fisher Mall,0.075947539
Santa Lucia,14.7067,121.053,Yakal,1.030365751
Santa Monica,14.7252,121.0434,Novaliches Terminal,0.327064503
Santa Teresita,14.622,120.9997,D. Tuazon,0.518754944
Santo Cristo,14.662,121.0292,Senatorial Drive,0.369291619
Santo Domingo,14.6285,121.0066,Sto. Domingo,0.504202264
Santo Nino,14.6115,121.0118,Araneta 2,0.965367625
Santol,14.6114,121.0148,Araneta 2,0.721295718
Sauyo,14.6893,121.0335,Sauyo,0.297099475
Sienna,14.6374,121.0049,Araneta 1,1.349283317
Sikatuna Village,14.6373,121.0581,Anonas,1.217911243
Silangan,14.6288,121.0561,15th Ave,0.441287412
Socorro,14.6179,121.0557,Cubao,0.741774237
South Triangle,14.6379,121.0361,Quezon Ave,0.548057458
Tagumpay,14.6216,121.064,Anonas,0.698170574
Talayan,14.634,121.0113,Araneta 1,0.633378795
Talipapa,14.6872,121.0248,Quirino Mindanao Ave,0.511962464
Tandang Sora,14.6814,121.0321,Tandang Sora 1,0.420570667
Tatalon,14.6213,121.013,Sto. Domingo,0.591787945
Teachers Village East,14.6442,121.0598,Quezon City Hall,1.16883021
Teachers Village West,14.6424,121.056,Quezon City Hall,0.942742614
U.P. Campus,14.6478,121.0654,UP Town Center,1.015978653
U.P. Village,14.6482,121.0571,Philcoa,0.752403183
Ugong Norte,14.5975,121.07,Medical City,0.91935562
Unang Sigaw,14.6584,121.0006,Bagong Barrio,0.395010182
Valencia,14.6083,121.0382,Bonny Serrano,0.179116828
Vasra,14.6613,121.0444,VMMC,0.906170527
Veterans Village,14.6533,121.0246,North EDSA,0.563991889
Villa Maria Clara,14.6165,121.0686,QMMC,0.835695777
West Kamias,14.6309,121.0501,V. Luna,0.863124878
West Triangle,14.6433,121.0303,Sct. Borromeo,0.387148968
White Plains,14.604,121.0713,Calle Industria,0.841562104
Addition Hills,14.5923,121.0338,Shaw Center Mall,0.454147858
Balong-Bato,14.6084,121.0234,J. Ruiz,0.383589388
Batis,14.5991,121.0247,Kalentong,0.638444684
Corazon de Jesus,14.6066,121.0316,Madison,0.622463295
Ermitano,14.6119,121.0303,Madison,0.129502681
Greenhills,14.6017,121.0504,Greenhills,0.2431665
Halo-halo,14.6033,121.0326,Bonny Serrano,0.877611183
Isabelita,14.6028,121.0311,J. Ruiz,1.023310152
Kabayanan,14.5978,121.0302,Kalentong,0.568681124
Little Baguio,14.6009,121.0383,Roosevelt,0.714148612
Maytunas,14.5947,121.0318,Kalentong,0.533939635
Onse,14.6014,121.0317,Kalentong,0.988940044
Pasadena,14.6087,121.0335,Madison,0.447860508
Pedro Cruz,14.605,121.024,Araneta 2,0.555772235
Progreso,14.6027,121.0202,V. Mapa,0.367035853
Rivera,14.6051,121.0211,Araneta 2,0.262226504
Salapan,14.6128,121.0248,J. Ruiz,0.274805294
San Perfecto,14.6031,121.0221,Araneta 2,0.488357899
Santa Lucia,14.5981,121.0355,Shaw Center Mall,0.963590239
Tibagan,14.6008,121.0296,Kalentong,0.830203961
West Crame,14.6053,121.0505,Greenhills,0.552875887
Bagumbayan,14.474,121.0591,Bicutan Exit,2.15379186
Bambang,14.5258,121.0729,Diego Silang,1.795522268
Calzada,14.534,121.0797,Diego Silang,2.609773158
Central Bicutan,14.4923,121.054,Bicutan Exit,1.069903336
Central Signal Village,14.5111,121.0566,Pinagsama,1.332749835
Fort Bonifacio,14.5296,121.0239,Nichols,0.708278319
Hagonoy,14.5128,121.0699,Pinagsama,2.013352303
Ibayo-Tipas,14.5417,121.0849,Pasig,2.056443473
Katuparan,14.5164,121.0611,Pinagsama,1.023418871
Ligid-Tipas,14.5424,121.0811,Pasig,1.925404559
Lower Bicutan,14.4894,121.061,Bicutan Exit,1.716801018
Maharlika Village,14.4988,121.0534,Bicutan Exit,1.495968516
Napindan,14.5398,121.0965,Pasig,2.802538627
New Lower Bicutan,14.4985,121.0631,Bicutan Exit,2.261280512
North Daang Hari,14.4858,121.0485,Bicutan Exit,0.431655071
North Signal Village,14.5151,121.0562,Pinagsama,0.890309443
Palingon,14.5381,121.08,Pasig,2.400898407
Pinagsama,14.5232,121.0556,Pinagsama,0.132303347
San Miguel,14.5182,121.0733,Diego Silang,2.108295832
Santa Ana,14.5276,121.0764,Diego Silang,2.16012211
South Daang Hari,14.4716,121.0488,Bicutan Exit,1.849363547
South Signal Village,14.5039,121.0566,Pinagsama,2.121408789
Tanyag,14.4779,121.0497,Bicutan Exit,1.213602108
Tuktukan,14.5284,121.0714,Diego Silang,1.622879642
Upper Bicutan,14.4969,121.0499,Bicutan Exit,1.116881634
Ususan,14.5354,121.0687,Upper McKinley Rd,1.523737368
Wawa,14.5217,121.0751,Diego Silang,2.127144461
Western Bicutan,14.5095,121.038,FTI-Taguig,0.414526456
Arkong Bato,14.6963,120.9535,Dalandanan,1.219991196
Bagbaguin,14.7141,120.9999,Karuhatan,3.904132176
Balangkas,14.7116,120.9438,Malanday,1.605931553
Bignay,14.7456,121.002,Novaliches Terminal,4.700767497
Bisig,14.7134,120.9464,Malanday,1.266582184
Canumay East,14.718,120.9918,T Santiago,3.578686268
Canumay West,14.7102,120.984,Karuhatan,2.57544047
Coloong,14.724,120.9433,Malanday,1.609030019
Dalandanan,14.7041,120.9615,Dalandanan,0.016217508
Gen. T. de Leon,14.6864,120.9946,Marulas,1.925473138
Isla,14.7055,120.9503,T Santiago,1.118845537
Karuhatan,14.6894,120.9775,Karuhatan,0.313568316
Lawang Bato,14.7301,120.9931,Malanday,4.097651579
Lingunan,14.7189,120.9764,T Santiago,2.059489218
Mabolo,14.7116,120.9487,Malanday,1.163143009
Malanday,14.716,120.9538,Malanday,0.430518754
Malinta,14.6919,120.9639,Governor Santiago,0.093899802
Mapulang Lupa,14.7021,121.0001,Karuhatan,3.111473166
Marulas,14.6773,120.9842,Marulas,0.419548948
Maysan,14.6983,120.98,Karuhatan,1.200856602
Palasan,14.7041,120.9478,T Santiago,1.429029097
Parada,14.6959,120.9882,Karuhatan,1.657808932
Pariancillo Villa,14.7077,120.9449,T Santiago,1.603558016
Paso de Blas,14.708,120.9926,Karuhatan,2.873842296
Pasolo,14.7089,120.9521,T Santiago,0.816941862
Poblacion,14.708,120.9462,T Santiago,1.460092942
Pulo,14.7073,120.9476,T Santiago,1.326591691
Punturin,14.7401,120.9904,Malanday,4.328320929
Rincon,14.6974,120.959,Dalandanan,0.796040289
Tagalag,14.727,120.9364,Malanday,2.422770018
Ugong,14.6953,121.0112,Quirino Mindanao Ave,1.899515512
Viente Reales,14.7135,120.967,T Santiago,0.885702317
Wawang Pulo,14.7334,120.9277,Malanday,3.574809458
